11/10/18 20:41;"ViajarSiempre";"Positivo";"arsa";"@nomecallomasok @PabloK75 @Aerolineas_AR Yo hace muchos a√±os ya hab√≠a visto manzanas en EEUU, l√≥gicamente de R√≠o Negro, es un orgullo ver productos nuestros, tan nobles en el exterior!"
11/10/18 20:34;"AdrMaidana";"Neutro";"arsa";"@NNprytuluk @PabloK75 @Aerolineas_AR Nunca se fue... Siempre estuvo AR Cargo... Son quienes sacan esos ar√°ndanos de hecho, entre otras millones de cosas que no se publicitan"
11/10/18 20:31;"NNprytuluk";"Positivo";"arsa";"@PabloK75 @Aerolineas_AR Por esto siempre pienso que deber√≠a volver Aerol√≠neas Cargo"
11/10/18 20:28;"Flight_News16";"Neutro";"arsa";"@Aerolineas_AR  lo transporta a Miami y Nueva York, como as√≠ tambi√©n a Madrid y Roma, desde donde se distribuye a Amsterdam, Fr√°ncfort y M√∫nich, las ciudades donde m√°s se consume."
11/10/18 20:23;"Flight_News16";"Neutro";"arsa";"@Aerolineas_AR complet√≥ la semana pasada el env√≠o a EE.UU. de un cargamento de ar√°ndanos producidos en Tucum√°n, los cuales forman parte de las 16 mil tn que anualmente exporta el pa√≠s, sobre una producci√≥n total de 21 mil. Cada semana parten 42 vuelos con un total de 300 tn. https://t.co/WsPIqwaQLS"
11/10/18 20:13;"PabloK75";"Neutro";"arsa";"300 toneladas de ar√°ndanos por semana se van por @Aerolineas_AR   https://t.co/wiywEraGMF"
11/10/18 20:12;"AleSchwartz1";"Negativo";"arsa";"@Aerolineas_AR vuelo que cambi√≥ de horario, demasiada gente, soy muy muy muy fobica y la falta de distancia interpersonal me est√° matando."
11/10/18 19:43;"martindponte";"Negativo";"arsa";"@Aerolineas_AR hola fue consulta por DM"
11/10/18 19:33;"Gon_lam";"Negativo";"arsa";"@Aerolineas_AR imposible comunicarme por telefono. Necesito cambiar pasajes y no se puede online."
11/10/18 18:54;"yesicak";"Negativo";"arsa";"@DNDConsumidor @Aerolineas_AR @MindeTransporte termine de cargar TODOS LOS DATOS y me dice que la pagina no funciona, parece el colmo, estoy haciendo un reclamo porque @Aerolineas_AR me cag* por una pagina web y @DNDConsumidor me pasa una pagina que no funciona üò° idem lo de aerolineas"
11/10/18 18:47;"LelyBrito79";"Negativo";"arsa";"@Aerolineas_AR necesito saber c√≥mo cambio mis pasajes, si pudiesen responder algunos de mis mails se lo agradecer√≠a."
11/10/18 18:44;"Chicho30125858";"Negativo";"arsa";"@Aerolineas_AR Mentira!!! Ni en esta ni en la otra promoci√≥n consegu√≠ esos precios desde Salta.. capaz que no la consideran dentro de Argentina"
11/10/18 18:14;"ArielBrizuela8";"Negativo";"arsa";"La mina era m√°s mentirosa que promo de @Aerolineas_AR  jaja.. Andaaa!! https://t.co/3YTaoRphpT"
11/10/18 18:10;"karilamas17";"Positivo";"arsa";"@panchada @Aerolineas_AR Ok,, gracias!!üëçüñêüñê"
11/10/18 18:09;"panchada";"Positivo";"arsa";"@karilamas17 @Aerolineas_AR Siempre mitad d semana es m√°s barato un vuelo y elijo la hora q sale menos q por lo general es o muy temprano o mediod√≠a..."
11/10/18 18:06;"karilamas17";"Positivo";"arsa";"@HCAQUILMES @Aerolineas_AR Haaa, gracias"
11/10/18 18:05;"karilamas17";"Neutro";"arsa";"@panchada @Aerolineas_AR C√≥mo haces?,,a qu√© hora y fecha mas baratos?"
11/10/18 17:25;"DNDConsumidor";"Neutro";"arsa";"@nicolas_zad @Aerolineas_AR ¬°Hola! Si encontraste una oferta que te pareci√≥ enga√±osa, pod√©s reclamar ac√° ‚Üí https://t.co/VI6XE5CVmb."
11/10/18 17:06;"SuFuentesA";"Negativo";"arsa";"@Aerolineas_AR me cambiaron el horario de un vuelo y perd√≠ la conexi√≥n. Tuve q volver a comprar un pasaje q me sali√≥ una fortuna y ustedes no me dan ninguna rtta. a mi solicitud de compensaci√≥n a este problema que no s√≥lo fue econ√≥mico sino que me caus√≥ inconvenientes adicionales"
11/10/18 16:46;"andycai71";"Negativo";"arsa";"@Aerolineas_AR me pueden explicar para que ponen una promoci√≥n de compras de millas y obtener el doble si cuando lo vas hacer no te deja, lo estoy intentando desde ayer üò°üò°üò°"
11/10/18 16:26;"eldabg";"Neutro";"arsa";"@Aerolineas_AR Hola. AEP-PDP, la diferencia entre econ√≥mica y flexible, solo es la posibilidad de cambiar el vuelo? Gracias"
11/10/18 16:15;"zetawaysant";"Neutro";"arsa";"@juangerosa @quiz_viajero @Aerolineas_AR todas las reservas de Aerol√≠neas Argentinas se ven en Trip Case y desde all√≠ acced√©s a los tickets electr√≥nicos tambi√©n."
11/10/18 16:05;"kvivi24";"Positivo";"arsa";"@Polita9999 @adrianratam @Aerolineas_AR Es hernoso, tambien andaba con ganas de volver porque siempre cambia el paisaje, asi que volver√© üòÄ"
11/10/18 16:03;"Polita9999";"Positivo";"arsa";"@kvivi24 @adrianratam @Aerolineas_AR üëèüèªüëèüèªüëèüèª Cataratas que lindo destino, fu√≠ dos veces y volver√≠a mil veces m√°s"
11/10/18 16:03;"kvivi24";"Positivo";"arsa";"@adrianratam @Aerolineas_AR Espectacular, tenia pasajes saliendo desde foz, estaba esperando algo bueno, con lo que me ahorro me hice de yapa 2 dias en las cataratas antes de partir, eapectacular üí™üí™üí™"
11/10/18 16:00;"adrianratam";"Positivo";"arsa";"@kvivi24 @Aerolineas_AR Vaamooooosss Vivi!!!!"
11/10/18 15:48;"EnTurBA";"Neutro";"arsa";"En las oficinas de @Aerolineas_AR en #Asunci√≥n, capacitamos a operadores y agentes de viaje de #Paraguay sobre las novedades de la oferta tur√≠stica de #BuenosAires. üá¶üá∑‚úàÔ∏èüáµüáæ https://t.co/rSPq6mLIvh"
11/10/18 15:44;"javo4007";"Negativo";"arsa";"@Aerolineas_AR Verso"
11/10/18 15:21;"MTerzzoli";"Neutro";"arsa";"En el Aeropuerto Malvinas Argentinas #Ushuaia esperando para volar a Bs As. @Aerolineas_AR  #findeXXL https://t.co/qnufGlmx7S"
11/10/18 15:10;"LolaRuiz64";"Positivo";"arsa";"@alebresky @Aerolineas_AR @mauriciomacri üí™üëèüëèüëèüëèüëèüíôVAYAMOS ARGENTIDA CARAJOüí™üíôüíôüíô"
11/10/18 15:06;"GustiAcrent";"Negativo";"arsa";"Seria bueno que los pelotudos de @Aerolineas_AR carguen la info correcta. Ayer publicaron que el cambio para pasajes de hoy era 38.00 y asi sigue figurando en la web de agencias , mientras los sistemas estan cotizando a 38.10. Sigan rompiendo los huevos. https://t.co/NP0yzOMBYJ"
11/10/18 13:36;"Hostnewsred";"Positivo";"arsa";"El fin de semana largo, Aerol√≠neas Argentinas transportar√° 9% m√°s pasajeros https://t.co/05tid1q2tJ #findesemana #aerol√≠neas #Argentina #Aerol√≠neasArgentinas #transporte #pasajeros @Aerolineas_AR"
11/10/18 12:57;"dbiztoday";"Positivo";"arsa";"Aerol√≠neas se prepara para el finde largo. @Aerolineas_AR https://t.co/6h61d2L8fC #Aerol√≠neasArgentinas"
11/10/18 12:40;"MLaura_Lastres";"Negativo";"arsa";"Se puede ser ineficiente? si, se puede! @almundo_ar @Aerolineas_AR me patean de tel√©fono en tel√©fono, me han llegado a decir que tengo que pagar por el asiento ... que la culpa es de la agencia que bloquea el checkin y mucho m√°s. Mientras tanto sigo esperando una soluci√≥n"
11/10/18 12:35;"Flight_News16";"Positivo";"arsa";"@Aerolineas_AR TRANSPORTAR√Å UN 9% M√ÅS DE PASAJEROS QUE EL A√ëO PASADO DURANTE ESTE FIN DE SEMANA LARGO https://t.co/g6bRwOUPK2 https://t.co/lzyUMp9Ggj"
11/10/18 12:20;"marceloacasazza";"Negativo";"arsa";"@_DarioGallardo @AndresGabrielli necesitamos vuelos a nqn de otra aerol√≠nea. Por qu√© somos cautivos de @Aerolineas_AR qu√© es car√≠simo"
11/10/18 11:47;"leiris182";"Negativo";"arsa";"Cuando necesito sacar pasajes, nunca puedo ingresar a las web de @Aerolineas_AR Nunca se me termina de cargar el buscador üò©"
11/10/18 11:37;"yesicak";"Negativo";"arsa";"y por lo mal que me trataron en mostrador y en atencion al cliente ante mi reclamo @Aerolineas_AR"
11/10/18 11:37;"yesicak";"Negativo";"arsa";"@DNDConsumidor quiero hacer el reclamo del reintegro de que la pagina ""no funcionaba"" y NADIE ME QUISO DAR UNA SOLUCION Y/O ALTERNATIVA @Aerolineas_AR @MindeTransporte"
11/10/18 10:18;"Maruuuu68276740";"Negativo";"arsa";"@Aerolineas_AR Es una mentira, averig√ºe para Santiago, sale $8000üôÑüôÑüôÑ"
11/10/18 08:37;"dianaime";"Negativo";"arsa";"Lunes vuelo a ny @Aerolineas_AR demorado xq no llegaba la tripulacion, mi√©rcoles vuelo a ny sale 6 ha tarde por desperfectos..no volvamos a lo que era antes"
11/10/18 08:20;"TemperaM";"Negativo";"arsa";"@Aerolineas_AR Si claro... entro y el pasaje nacional que busco sale mas de 10 lucas.  Hdp!!!"
11/10/18 05:01;"mar2cam";"Negativo";"arsa";"@Aerolineas_AR un vuelo a Nueva York demorado esta noche hasta que se cancela definitivamente por fallas en el avi√≥n , se pierde la conexi√≥n con otra aerol√≠nea a boston Y LA EMPRESA NO SE HACE CARGO DE NADA?"
11/10/18 03:56;"PATO50001";"Negativo";"arsa";"@Aerolineas_AR Parece que la √∫nica que vuela a $699 es Valeria Daneri... los dem√°s (yo incluida), NO VEMOS ESOS PRECIOS EN NING√öN LADO!!! TODO MENTIRA."
11/10/18 02:45;"santidougherty";"Negativo";"arsa";"Arriba del AR1302 @Aerolineas_AR esperando + 1 hora sentados x q no vino camion de nafta entonces el capitan anuncia que pidio ahora de otra compania. #sinnafta Una verguenza ...   para que embsrcamos ? despues hablan de puntualidad."
11/10/18 02:32;"arzafran";"Negativo";"arsa";"Mi vuelo no despega porque el cami√≥n de combustible no viene. Esperando un cami√≥n de ypf que llega tipo 12. Y el coso de las pelis no tiene audio. @Aerolineas_AR sucks."
11/10/18 02:31;"acatellani";"Neutro";"arsa";"@SpottersTUC @SpottersArg @ChamerTUC @Aerolineas_AR @De_aviacion @aeropuertotuc @KikeLippi Capit√°n, cual es la altura m√°xima que puede volar el 737Max? (Supongo q viene dada x la presurizaci√≥n)"
11/10/18 02:26;"SpottersTUC";"Neutro";"arsa";"En altitud crucero a 37000ft sobre techo de nubes y un cielo increible a dicha altura. Foto de @ChamerTUC en vuelo TUC - AEP en Boeing B737-800 (LV-FQZ) de @Aerolineas_AR  @De_aviacion @SpottersArg @De_aviacion @aeropuertotuc https://t.co/TqRWHTqMtV"
11/10/18 01:41;"marcelocanton";"Positivo";"arsa";"Tremendos los simuladores de vuelo de @Aerolineas_AR . La sensaci√≥n de vuelo es taaaan real. All√≠ practican los pilotos https://t.co/XQNcO5rTuI"
11/10/18 01:32;"hsmdaily";"Positivo";"arsa";"Un fin de semana largo exitoso para Aerol√≠neas Argentinas @Aerolineas_AR  @MindeTransporte   https://t.co/bhpKkUyQvy https://t.co/FQqbq9AqZ5"
11/10/18 01:21;"Bestravel1";"Neutro";"arsa";"El vlo 1659 de @Aerolineas_AR procedente de #Neuquen @AeroNeuquen est√° demorado. Estima arribar en #Aeroparque a las 23:22 hrs @aa2000oficial @Boeing B737-800 LV-FQY"
11/10/18 01:19;"Bestravel1";"Neutro";"arsa";"El vlo 1670 de @Aerolineas_AR procedente de #Aeroparque est√° demorado. Estima arribar en #Neuquen @AeroNeuquen a las 22:59 hrs @aa2000oficial @Boeing B737-800 LV-FSK"
11/10/18 01:03;"Daffsolange";"Positivo";"arsa";"@gamba1063 @Aerolineas_AR @GeeneTomlinson la mejooor de todas, nos juntamos y no nos para nadie üòÇüòÜ"
11/10/18 00:54;"Soleanapios";"Neutro";"arsa";"@Aerolineas_AR una consulta en los vuelosque ofrecen cena y/o almuerzo hay menu infantil?"
11/10/18 00:48;"ifernandez";"Neutro";"arsa";"@Aerolineas_AR @Aerolineas_AR hola, como puedo ser parte del programa pasajeros frecuentes?"
11/10/18 00:39;"Kris_Rabaglia";"Positivo";"arsa";"@gjamdz @Aerolineas_AR @diazpez @SirChandlerBlog Ah√≠ trate de nuevo y pude. Gracias a todos!  ü•≥"
10/10/18 23:59;"paula_albornoz";"Neutro";"arsa";"@Aerolineas_AR como hago para asociar una tarjeta a mi cuenta de aerolineas plus!?"
10/10/18 22:47;"juani1";"Negativo";"arsa";"@Aerolineas_AR Tiene m√°s letra chica esa publicidad. Chorizos!"
10/10/18 22:46;"csainato";"Negativo";"arsa";"@Aerolineas_AR Hola, nunca me dijieron como utilizar las millas"
10/10/18 21:25;"Florbustos22";"Negativo";"arsa";"@Aerolineas_AR tengo que hacer una consulta de aerol√≠neas plus y no me puedo comunicar nunca!!!"
10/10/18 20:31;"diazpez";"Positivo";"arsa";"Este fin de semana, @Aerolineas_AR espera un mont√≥n de pasajeros usando los servicios.  https://t.co/yaXYZeJyYw"
10/10/18 20:30;"Sradelostattoos";"Negativo";"arsa";"@GuruMartinez88 @Aerolineas_AR Siiiiii ! Un afano üò±"
10/10/18 20:30;"valedelmar33";"Negativo";"arsa";"@Sradelostattoos @Aerolineas_AR Se fue todo a la mierda imag√≠nate q el kg de ü•ù sale 90 pesos jaja"
10/10/18 20:29;"gcferrari";"Negativo";"arsa";"@Aerolineas_AR Es mentira!!!! No hay una sola oferta a ese precio"
10/10/18 20:28;"Lucas_futbol_09";"Neutro";"arsa";"@Aerolineas_AR No entend√≠ lo de los tramos. Saludos!"
10/10/18 20:26;"Sradelostattoos";"Negativo";"arsa";"Un pasaje en @Aerolineas_AR a San Mart√≠n de los Andes en esta ,que ya es temporada baja claramente ,est√° $ 8500 üò± que pas√≥ (?)"
10/10/18 20:04;"Kris_Rabaglia";"Positivo";"arsa";"@diazpez @Aerolineas_AR @SirChandlerBlog Gracias!!!!"
10/10/18 19:25;"Kris_Rabaglia";"Negativo";"arsa";"¬øEs joda esto? Retrasan 10 a√±os al hacerte ir a hacer la cola sin tener que despachar nada. Creo que me hubiese indignado menos si la pagina no andaba... @Aerolineas_AR @diazpez @SirChandlerBlog https://t.co/LixlfITENT"
10/10/18 19:19;"delocostas";"Negativo";"arsa";"@cyngarciaradio @Aerolineas_AR @JavierJiguacel Cara rotas."
10/10/18 19:09;"ViajarSiempre";"Positivo";"arsa";"@Qualityman156 @alanxelmundo @Aerolineas_AR Graciasssss"
10/10/18 19:06;"crespoclara";"Negativo";"arsa";"@Aerolineas_AR Es una mierda esta promoci√≥n por que s√≥lo son saliendo de Bs as"
10/10/18 18:21;"LuisinaLlanos1";"Negativo";"arsa";"@Aerolineas_AR Nada que ver los precios me salio m√°s barato Andes ida y vuelta es un ida solo de esta promo."
10/10/18 17:59;"fdelaorden";"Positivo";"arsa";"Que bien nos trat√≥ la tripulaci√≥n del vuelo 1447 de @Aerolineas_AR desde #Tucum√°n a #BuenosAires. Amables y siempre con una sonrisa. Dicen que volver√°n a Tucum√°n por nuestras empanadas!!! @TucumanTurismo @TurismoNacionAR https://t.co/eFHyR24ggT"
10/10/18 17:43;"Bagalio_Diego";"Negativo";"arsa";"@Aerolineas_AR Dejen de mentir a la.gente   el.unico. pasaje a 700 es a cordoba no al resto.del.pais.  y tampoco.los valores que dicen al resto.del.pais .existen .  es todo.una farsa"
10/10/18 16:52;"ocherep";"Negativo";"arsa";"Bochornoso trato de @Aerolineas_AR a los pasajeros en Barajas. Mienten descaradamente por las razones de una demora de 9 horas! No respetan ni las necesidades ni las obligaciones de los pasajeros"
10/10/18 16:31;"aldomadeira";"Negativo";"arsa";"@Aerolineas_AR Chupamela con la publicidad enga√±osa!!!"
10/10/18 15:48;"mvegas2000";"Positivo";"arsa";"@SirChandlerBlog @Aerolineas_AR Ok. Gracias por la data...genio Como siempre"
10/10/18 15:44;"mvegas2000";"Neutro";"arsa";"@SirChandlerBlog mira en Lujan hay una cabina de un 747 de @Aerolineas_AR https://t.co/GaJXbc5MWJ"
10/10/18 15:43;"panchada";"Neutro";"arsa";"@maurocaino @Aerolineas_AR T cuento mi experiencia saqu√© la promo anterior Sta Fe/Bue/Bue/SLT/SLT/Bue/Bue/PRA y todo es seg√∫n d√≠a y hora ...Yo hice Martes primer tramo y segu√≠ mi√©rcoles segundo y por ejm Sta Fe /Bue me cost√≥ $399 Bue/SLT $799 o sea ida y vta SALTA pagu√© $1600 y $800 Santa Fe/Bue /Paran√°"
10/10/18 15:22;"RosiMercado";"Negativo";"arsa";"@Aerolineas_AR  Que est√° pasando que cada vez que llamo al 011 4340-7777 nadie responde con cualquier opci√≥n que se elija? Es incre√≠ble q desde hace m√≠nimo 2 semanas me quiero comunicar en distintos horarios y me es imposible."
10/10/18 15:14;"Cristia20182125";"Neutro";"arsa";"@Aerolineas_AR hola! Tienen oficinas en Capital para comprar pasajes?"
10/10/18 14:44;"Ferche11";"Negativo";"arsa";"@Aerolineas_AR Son unos truchos !cuando entras a comprar te dice el precio real 7000"
10/10/18 11:02;"ChristianelDiaz";"Negativo";"arsa";"Un desastre como est√° @Aerolineas_AR ! Siempre con problemas en las puertas y a √∫ltimo momento se ponen a armarlas. https://t.co/56DEl7ZQDl"
10/10/18 03:12;"econtarino1";"Neutro";"arsa";"@Aerolineas_AR Hola que tal? como pago el codigo de reserva para un pasaje?"
10/10/18 03:00;"MaCris1540";"Positivo";"arsa";"@RitucciFernanda @bettyboo1050 @Guillodietrich @Aerolineas_AR No sabes buscar! Familiares viajaron de Corrientes a Buenos Aires x 1000 $ ida y vuelta!!!!!"
10/10/18 02:58;"DanielaSaulo";"Positivo";"arsa";"@RitucciFernanda @Aerolineas_AR encontr√© para mayo del 2019 a 1500 cada tramo cuando habitualmente est√°n entre 3500 y 5000 cada tramo para mi fue un golazo"
10/10/18 02:32;"wertygol";"Neutro";"arsa";"Hola @Aerolineas_AR por qu√© no sos la primera aerol√≠nea en poner subt√≠tulos en distintos idiomas a las pel√≠culas que pasan a bordo y lo promocionas como que pens√°s en la gente hipoac√∫sica. Capaz te gan√°s alg√∫n premio internacional o algo as√≠. Te dejo la idea."
10/10/18 01:27;"anitachehin";"Negativo";"arsa";"@Aerolineas_AR Otra mentira sideral de aerol√≠neas argentinas reci√©n entr√© y cuestan una fortuna"
10/10/18 01:05;"iturramarian";"Negativo";"arsa";"@Aerolineas_AR Dejen de mentir"
09/10/18 23:38;"NetValue1";"Positivo";"arsa";"Gracias @Aerolineas_AR por traernos a casa, despu√©s de cerrar una gran jornada! #amamosloquehacemos https://t.co/1c7DwJ20yC"
09/10/18 22:47;"JaninCarolina";"Positivo";"arsa";"@Aerolineas_AR Aprovecho para felicitar a la tripulacion del vuelo 1135 Madrid- Bs As Dom 7/10, por la calidez y buena predisposici√≥n durante las 12 hs de vuelo. Lo bueno tambien vale decirlo."
09/10/18 21:58;"OrugaChina";"Negativo";"arsa";"@Aerolineas_AR Devolveme mi num de socio, q hace un a√±o pierdo millones de millas"
09/10/18 21:49;"Josimohamad";"Negativo";"arsa";"@Aerolineas_AR Una estafa. Un venta de humo. Un verso descomunal. Es publicidad enga√±osa. No existen esos precios aun mirando varias fechas"
09/10/18 21:42;"2016cato";"Negativo";"arsa";"@forasteroDibera @Aerolineas_AR Perd√≥n pero la empresa miente con los precios de √©sta promoci√≥n  o me vas a decir q no?"
09/10/18 21:36;"quedecis01";"Negativo";"arsa";"@Aerolineas_AR No solo es info falsa, sino que las tarifas que son m√°s caras no incluyen equipaje ni asiento...  como las low cost que tanto critican y q no quieren dejar operar!"
09/10/18 21:32;"RitucciFernanda";"Negativo";"arsa";"@gustinValdes @Aerolineas_AR @DNDConsumidor Son una mentira @Aerolineas_AR ...no existe la promo...busqu√© diferentes fechas a prop√≥sito....y salen desde $5000...@DNDConsumidor"
09/10/18 21:07;"ErvgomezRosanna";"Neutro";"arsa";"@Aerolineas_AR Que sea TODO EL A√ëO las promociones"
09/10/18 21:02;"DantasMartin";"Neutro";"arsa";"En Mendoza ya promocionan los vuelos de @Aerolineas_AR a Mar del plata para la temporada de verano 2019. https://t.co/dx7Zmx4mnt"
09/10/18 20:57;"enteturismomza";"Positivo";"arsa";"Directivos de @Aerolineas_AR presentaron la operaci√≥n de vuelos de verano de la compa√±√≠a. Se ofrecer√° un 15% m√°s de asientos que en 2018. Adem√°s se suma Mendoza - Mar del Plata con 5 frecuencias semanales. https://t.co/WaNDSlSqV1"
09/10/18 20:33;"eltanodegonnet";"Negativo";"arsa";"@Aerolineas_AR Hijos de putaaaaa! De donde sacan esos precios? 19 lucas para 2 desde San Mart√≠n de los Andes?!!!"
09/10/18 20:22;"gmcalvo";"Negativo";"arsa";"@Aerolineas_AR No existe tal promoci√≥n busque en todas las opciones y por 700 pesos no voy a ning√∫n lado ..."
09/10/18 20:07;"forasteroDibera";"Positivo";"arsa";"@Liliana202702 @Aerolineas_AR Gracias"
09/10/18 19:46;"Marinamdlp";"Negativo";"arsa";"@Aerolineas_AR Alg√∫n d√≠a responden los reclamos por alg√∫n medio? Terrible atenci√≥n al cliente. Me voy a cambiar de programa de pasajero frecuente üò°"
09/10/18 19:37;"ViajarSiempre";"Positivo";"arsa";"@ElMundoOk @ViajesChat @iatiseguros @Aerolineas_AR Muchas graciassssssss‚úàÔ∏è‚úàÔ∏è‚úàÔ∏è"
09/10/18 19:35;"ElMundoOk";"Positivo";"arsa";"@ViajarSiempre @ViajesChat @iatiseguros @Aerolineas_AR ¬°Qu√© preciosidad! #viajeschat"
09/10/18 19:34;"ViajarSiempre";"Positivo";"arsa";"@ElMundoOk @ViajesChat @iatiseguros R4: Una de las fotos m√°s lindas que saqu√© volando, y es mi pinned tweet. Aterrizaje con @Aerolineas_AR en Aeropuerto El Prat, Barcelona en abril 2016.  #ViajesChat https://t.co/k8dUQj56Ep"
09/10/18 19:34;"ViajarSiempre";"Positivo";"arsa";"@ElMundoOk @ViajesChat @iatiseguros R4: Una de las fotos m√°s lindas que saqu√© volando, y es mi pinned tweet. Aterrizaje con @Aerolineas_AR en Aeropuerto El Prat, Barcelona en abril 2016.  #ViajesChat https://t.co/k8dUQj56Ep"
09/10/18 18:50;"RitucciFernanda";"Negativo";"arsa";"Mentiraaaa....@Aerolineas_AR ..me canse de buscar..y no hay esos precios https://t.co/idjk7jk14t"
09/10/18 18:11;"barbaritajack";"Negativo";"arsa";"Que cagada que @Aerolineas_AR te cambi√© siempre el vuelo, tengo una vida y cosas que hacer"
09/10/18 17:46;"Leticiaestevez";"Positivo";"arsa";"@Aerolineas_AR es un verdadero orgullo. Da placer viajar por nuestra l√≠nea de bandera. üá¶üá∑"
09/10/18 17:38;"MayoCaty";"Negativo";"arsa";"@Aerolineas_AR Intente comprar en las fechas a varios destinos y nunca respetan esa tarifa... #estafa #mentira üòí"
09/10/18 17:18;"tresge71";"Positivo";"arsa";"A volar se ha dicho! Por @Aerolineas_AR üòä a la bella C√≥rdoba! https://t.co/5MSjzv9u5g"
09/10/18 17:15;"ocherep";"Negativo";"arsa";"@Aerolineas_AR hace lo que quiere. Te pasa un vuelo 7 horas y te avisa 24 hs antes...¬ø no pueden resolver el problema en este tiempo? Total... el que se jode es el que llega tarde y pierde sus pasajes en Argentina"
09/10/18 16:49;"Seniorpepinillo";"Positivo";"arsa";"@InfoViajera @Aerolineas_AR Yo no lei pero vi la tabla y es genial"
09/10/18 16:14;"ferpetris";"Positivo";"arsa";"Cuando uno enumera los motivos para volar por @Aerolineas_AR seguro @malenitaeche es uno! Gracias nuevamente y un abrazo! https://t.co/13l9BC22x4"
09/10/18 16:09;"malenitaeche";"Positivo";"arsa";"@ferpetris @Aerolineas_AR Uy! Que sorpresa! gracias!  Es mi obligacion! Bienvenido a bordo SIEMPRE! HASTA PRONTO!"
09/10/18 16:03;"rami101276";"Negativo";"arsa";"@Aerolineas_AR Es mentira esta promo....busque los destinos que busque en las fechas indicadas por Uds. Los precios no son los que dicen."
09/10/18 15:51;"InfoViajera";"Neutro";"arsa";"@misjj40 @todoporviajar @Aerolineas_AR Regionales: variado (algo mejor, algo peor) - Internacionales: sin cambios por ahora"
09/10/18 15:40;"ViajarSiempre";"Positivo";"arsa";"@InfoViajera @todoporviajar @Aerolineas_AR Totalmente! Muy aprovechable!!!!"
09/10/18 15:37;"InfoViajera";"Positivo";"arsa";"@ViajarSiempre @todoporviajar @Aerolineas_AR El cambio en cabotaje es una fiesta"
09/10/18 15:24;"LioCoria";"Neutro";"arsa";"hola @Aerolineas_AR si selecciono + de un adulto para comprar pasaje, los precios publicados son x cada pasaje o por todos?"
09/10/18 15:22;"alva1508";"Negativo";"arsa";"Siguen entregando las rutas nacionales a empresas extranjeras mientras que a @Aerolineas_AR le siguen quitando rutas. Competencia desleal y buscan el vaciamiento de la aerol√≠nea de bandera. #LosCielosNoSeVenden  https://t.co/uJ76jzudZY"
09/10/18 15:19;"chinitasolari";"Positivo";"arsa";"@Aerolineas_AR  buenos d√≠as quiero agradecer el trato especial q tuvieron con mi madre un servicio excelente  Ida y vuelta"
09/10/18 14:53;"julidelsolar";"Positivo";"arsa";"Ayer tuve el privilegio de participar de ‚ÄúVivir de pie‚Äù, con @jeanmaggime, gracias a la invitaci√≥n de @Aerolineas_AR y @Delta.  Fue una lind√≠sima jornada de aprendizaje y de trabajo en equipo armando bicicletas. Comparto link para sumarse a esta iniciativa https://t.co/HXE45Unel1 https://t.co/latdWCBQFg"
09/10/18 14:48;"Luuucilu";"Neutro";"arsa";"@Aerolineas_AR ¬øCu√°ndo ponen 12 cuotas s/i con todas las tarjetas? :("
09/10/18 14:44;"DNDConsumidor";"Neutro";"arsa";"@gustinValdes @Aerolineas_AR ¬°Hola! Si encontraste una oferta que te pareci√≥ enga√±osa, pod√©s reclamar ac√° ‚Üí https://t.co/VI6XE5CVmb."
09/10/18 14:36;"Geocastellino";"Negativo";"arsa";"@Aerolineas_AR Hola AA, necesito que POR FAVOR me respondan por algun lado, nunca solucionan nada, y como pasajero frecuente siempre pierdo. ME SOLUCIONAN ALGO PORFA?"
09/10/18 14:16;"2016cato";"Negativo";"arsa";"@Aerolineas_AR Dejen de mentir!!!! despu√©s se quejan de las low cost. V√°yanse a cagar!!!!!"
09/10/18 14:09;"tolesacchini";"Negativo";"arsa";"@Aerolineas_AR  no podes arrancar la cabeza con el precio por un vuelo de cabotaje"
09/10/18 14:07;"MaraTrad";"Positivo";"arsa";"Lamentablemente, no se habla ni se escribe lo suficiente en los medios sobre la gran labor de la Fundaci√≥n Jean Maggi, creada y dirigida por un cordob√©s ejemplar junto a un maravilloso grupo de personas, y ahora tambi√©n con el apoyo de empresas como @Aerolineas_AR y @Delta. https://t.co/9r8hEAL9gc"
09/10/18 13:56;"JorgeGabaldo";"Negativo";"arsa";"@Aerolineas_AR ESTO ES TODO UNA MENTIRA!!!!! Quiero sacar pasaje NEUQUEN-CORDOBA-NEUQUEN para abril/2019 y no hay a ese precio"
09/10/18 13:48;"panchada";"Positivo";"arsa";"@Aerolineas_AR #Gracias!! Excelente vuelo!!! https://t.co/uN3hFUjknn"
09/10/18 13:45;"panchada";"Positivo";"arsa";"@Aerolineas_AR Saque y use promoci√≥n anterior a $499...Santa Fe/Bue/Bue/Slt/Bue/Bue/PRA total $2200 #UnRegalo Un tramo a SALTA hoy sale arriba d $2800 1TRAMO y la PROMO dice bien desde.. LEAN BIEN  #GraciasAerolineasArgentinas"
09/10/18 13:00;"bancoprovincia";"Neutro";"arsa";"¬øA d√≥nde te gustar√≠a viajar? Vol√° por @Aerolineas_AR abonando en cuotas sin inter√©s con tus tarjetas de cr√©dito @bancoprovincia. üéä‚úàÔ∏èüéä Encontr√° toda la info ac√°: https://t.co/dtbKclm9fZ Promoci√≥n v√°lida hasta el 31/12/2018. https://t.co/BFP1cOWqN9"
09/10/18 13:00;"adrianbarcan";"Negativo";"arsa";"@Aerolineas_AR Mentirosos y ladrones, bue cpc solo ida casi 7000."
09/10/18 11:48;"PabloK75";"Neutro";"arsa";"El C√≥ndor despegando de Ezeiza. Hace apenas unos minutos, A330 de @Aerolineas_AR en ascenso rumbo a Miami https://t.co/qnEX8athRD"
09/10/18 11:02;"fotomaltes";"Negativo";"arsa";"@Aerolineas_AR Nunca encuentro ese precio."
09/10/18 04:56;"belurquiza";"Negativo";"arsa";"@Aerolineas_AR nos cancel√≥ un vuelo luego de hacernos esperar una hora sin dar informaci√≥n precisa, no se hicieron cargo de los gastos extras que nos generan al reprogramarlo y, para rematar, me rompieron la valija. Por supuesto que ante todo se lavaron las manos #unaverg√ºenza"
09/10/18 02:33;"ferpetris";"Positivo";"arsa";"Gracias a toda la tripulaci√≥n del vuelo 1670 de @Aerolineas_AR, en especial a @malenitaeche comisario de a bordo, calidad humana que todos necesitamos, felicitaciones y üôèüôèüôèüôèüôè"
09/10/18 02:09;"dianaime";"Negativo";"arsa";"@Aerolineas_AR vuelo a ny 1300 demorado xq no llega la trip, hace tres a√±os que esto no me pasaba, veniamos bien"
09/10/18 01:47;"SoledadRox";"Negativo";"arsa";"@Aerolineas_AR Y adem√°s te clava para sin aviso y jodete! El viernes estuve 14 hs en aeroparque intentado llegar a Jujuy y tuve que volar v√≠a Salta y despu√©s arr√©glate!"
09/10/18 01:19;"archila_bonilla";"Negativo";"arsa";"@Aerolineas_AR Es una mentira 6000 mil pesos hasta calafate"
09/10/18 00:15;"Veronic03116584";"Negativo";"arsa";"@LATAMAirlinesUS  nunca me devolvieron el valor del equipaje da√±ado, en los mails dec√≠an que lo har√≠an y no fue as√≠, pasaron 6 meses @emirates @Aerolineas_AR @AirEuropa"
08/10/18 21:46;"RosaliaKowal";"Positivo";"arsa";"@Aerolineas_AR Me compr√© 8 pasajes, ida y vuelta Res-BsAs...$790 el tramo...un lujo! √âsta vez es verdad la promo"
08/10/18 20:57;"jimenaroldan";"Negativo";"arsa";"En el mes de Marzo pasado tenia planeado un vuelo a Peru pero x razones personales no pude hacerlo. Ayer finalmente buscamos un nuevo vuelo con @Aerolineas_AR y encontramos un buen precio y casualmente ahora nos dicen q el pago no se proces√≥.  Era digital y no funciona nada...."
08/10/18 20:46;"TAbusleme";"Negativo";"arsa";"@Aerolineas_AR Ahora no nos quieren subir, discriminacion, maltrato y abuso de poder!!!! Eso es esta aerol√≠nea!!!!"
08/10/18 17:11;"maurocaino";"Negativo";"arsa";"@Aerolineas_AR Quise comprar Buenos Aires a Jujuy para abril y no tienen esos precios que publican."
08/10/18 11:39;"Canal12TrelewTV";"Positivo";"arsa";"#Trelew contar√° con 15 mil asientos m√°s de @Aerolineas_AR a partir de la incorporaci√≥n de m√°s vuelos desde el mes de octubre, con el objetivo de acompa√±ar el inicio de la temporada de ping√ºinos y la continuidad de ballenas https://t.co/px4qWb8FAM"
08/10/18 11:36;"German_m";"Positivo";"arsa";"@nicko737 @Aerolineas_AR Fot√≥n! üëèüèªüëèüèªüëèüèªüëèüèª"
08/10/18 11:09;"EstacionTrip";"Neutro";"arsa";"As√≠ recibe el aeropuerto de #Trelew cuando lleg√°s en el vuelo directo de @Aerolineas_AR desde #C√≥rdoba para la temporada de üêß y üê≥ porque esa es tierra de dinosaurios @CiudadTrelew @ChubutPatagonia https://t.co/ErO8PHP4jz"
08/10/18 02:46;"ChubutPatagonia";"Positivo";"arsa";"#Chubut Un cuadro de naturaleza viva, por @juasalas en @lacapitalmdq, que estuvo en #PeninsulaVald√©s gracias a @Aerolineas_AR y @ChubutPatagonia https://t.co/iprsra337Y"
07/10/18 23:49;"VOneAeroPasion";"Positivo";"arsa";"@nicko737 @Aerolineas_AR @De_aviacion @aviacionline @AvionesCordoba @HANGARX @iloveaviacion @SpottersArg @avgeekretweeter @SirChandlerBlog @ArgSpotters @diazpez Muy linda!"
07/10/18 23:37;"Vickypuye";"Positivo";"arsa";"@nicko737 @Aerolineas_AR @De_aviacion @aviacionline @AvionesCordoba @HANGARX @iloveaviacion @SpottersArg @avgeekretweeter @SirChandlerBlog @ArgSpotters @diazpez Impresionante,Hermosa!!!üëèüëèüëè"
07/10/18 23:30;"mecomolassss";"Positivo";"arsa";"@nicko737 @Aerolineas_AR @De_aviacion @aviacionline @AvionesCordoba @HANGARX @iloveaviacion @SpottersArg @avgeekretweeter @SirChandlerBlog @ArgSpotters @diazpez Espectacular! Como haces esa foto!?"
07/10/18 23:25;"Jorgeavellino";"Positivo";"arsa";"@KikeLippi @nicko737 @Aerolineas_AR @De_aviacion @aviacionline @AvionesCordoba @HANGARX @iloveaviacion @SpottersArg @avgeekretweeter @SirChandlerBlog @ArgSpotters @diazpez Muy buena!!!!! üí™üí™üí™üí™"
07/10/18 23:12;"nicko737";"Positivo";"arsa";"@KikeLippi @Aerolineas_AR @De_aviacion @aviacionline @AvionesCordoba @HANGARX @iloveaviacion @SpottersArg @avgeekretweeter @SirChandlerBlog @ArgSpotters @diazpez Gracias kike!!! üõ´üõ´üõ´"
07/10/18 23:11;"nicko737";"Positivo";"arsa";"@vickyulf @Aerolineas_AR @De_aviacion @aviacionline @AvionesCordoba @HANGARX @iloveaviacion @SpottersArg @avgeekretweeter @SirChandlerBlog @ArgSpotters @diazpez Gracias Vicky!!"
07/10/18 23:11;"nicko737";"Positivo";"arsa";"@diazpez @Aerolineas_AR @De_aviacion @aviacionline @AvionesCordoba @HANGARX @iloveaviacion @SpottersArg @avgeekretweeter @SirChandlerBlog @ArgSpotters JEJJEJE https://t.co/XqfvpWvWJE"
07/10/18 23:05;"vickyulf";"Positivo";"arsa";"@nicko737 @Aerolineas_AR @De_aviacion @aviacionline @AvionesCordoba @HANGARX @iloveaviacion @SpottersArg @avgeekretweeter @SirChandlerBlog @ArgSpotters @diazpez Divina Nico"
07/10/18 23:02;"KikeLippi";"Positivo";"arsa";"@nicko737 @Aerolineas_AR @De_aviacion @aviacionline @AvionesCordoba @HANGARX @iloveaviacion @SpottersArg @avgeekretweeter @SirChandlerBlog @ArgSpotters @diazpez Excelente Nico"
11/10/18 20:19;"TomasCalarco";"Negativo";"fibertel";"deci que todas las empresas son una mierda, pero @fibertel @CableFibertel y su ‚Äòservicio postventa‚Äô es un desastre. Ojal√° se fundan"
11/10/18 20:08;"CableFibertel";"Neutro";"fibertel";"@iglesiasmai @fibertel Te respondimos por DM, saludos!"
11/10/18 20:02;"Pensotti11";"Negativo";"fibertel";"P√©simo servicio de @fibertel por esta red, contestan cuando quieren y nunca logran solucionar nada"
11/10/18 19:50;"iglesiasmai";"Negativo";"fibertel";"Hola @fibertel @CableFibertel , por qu√© me est√°n reclamando el pago de una factura diciendo que est√° vencida cuando no es as√≠? Adem√°s de haber prometido bonificaci√≥n por su mal accionar hace meses y nunca haberla aplicado? https://t.co/qYoj2AW1oD"
11/10/18 19:32;"EmilioAmendola1";"Negativo";"fibertel";"Vamos a mostrar lo que sucede . Leamos la letra chica , hasta 250gb en internet por cable. Son las ratas m√°ximas, no es ilegal, es gil, porque adem√°s de tener casi un monopolio de las comunicaciones , joden a los usuarios lo m√°s posible @CableFibertel @fibertel @ServCablevision https://t.co/sOgKqSmYcK"
11/10/18 19:23;"CableFibertel";"Neutro";"fibertel";"@EmilioAmendola1 @fibertel EmilioAmendola1 Buenas tardes, te respond√≠ por DM."
11/10/18 19:15;"EmilioAmendola1";"Negativo";"fibertel";"No se puede creer, lo indignado que estoy, adem√°s de limitar la velocidad porque supuestamente 'se colapsan los nodos' sino que no te permiten volver a la velocidad en la que se navega, ninguna otra empresa hace esto, solo ustedes @CableFibertel @fibertel @ServCablevision"
11/10/18 19:03;"EmilioAmendola1";"Negativo";"fibertel";"Verg√ºenza @CableFibertel @fibertel  Limitan la velocidad de internet , y ni lo dicen , hay que leer la letra muy chica para realmente darse cuenta que despu√©s de un consumo (baj√≠simo) te recortan la velocidad al m√≠nimo, solo para romperte las pelotas , porque no se puede volver"
11/10/18 18:59;"sareak";"Negativo";"fibertel";"@fibertel ayer se corto unas 15 veces hoy directamente no anda. Si no lo van a arreglar al menos compensenme economicamente."
11/10/18 18:47;"Fornarigasoli";"Negativo";"fibertel";"La gente de @fibertel  vino a mi casa tres veces con la de hoy, no mandan pseudot√©cnicos a ""arreglar"" la conexi√≥n y sigue sin funcionar. PERO LA BOLETA TE LA COBRAN IGUAL EH... @noAndaFibertel"
11/10/18 17:56;"yablonovich";"Negativo";"fibertel";"@infobae Por culpa de @fibertel como siempre."
11/10/18 16:46;"candelagiuliana";"Negativo";"fibertel";"@fibertel la concha de tu madre"
11/10/18 15:37;"Gundisalv";"Negativo";"fibertel";"@Carlos_Moltini @fibertel hace ya m√°s de 15 hs que hice un reclamo y sigo sin poder acceder al sitio que quiero, con cualquier otro ISP se puede. Necesito soluci√≥n urgente."
11/10/18 15:04;"PabloCappone";"Negativo";"fibertel";"@fibertel @CableFibertel zona devoto sin servicio usuario Pablo Cappone por favor lo necesito para laburar"
11/10/18 14:24;"CableFibertel";"Neutro";"fibertel";"@beluuuchi89 @fibertel ¬°Hola! Soy Amelia. Te mand√© un DM."
11/10/18 14:21;"beluuuchi89";"Negativo";"fibertel";"Hola, me funciona mal internet desde temprano, llame dos veces y las dos veces mientras hablaba, pasados 15 minutos me cortaron, estaba haciendo el procedimiento de desenchufar y eso...necesito que lo solucionen sin perder tanto tiempo, gracias @CableFibertel @fibertel"
11/10/18 13:45;"GuidoBorzaga";"Negativo";"fibertel";"Cuando quieren, @fibertel y @CableFibertel son un corso a contramano... los mandas a espiar y tocan timbre.. https://t.co/U4n3AVFFHC"
11/10/18 13:28;"Gundisalv";"Negativo";"fibertel";"Respuesta de @fibertel ""Gonzalo, me acaban de informar que nuestro m√≥dem no tiene acceso al Ftp que quer√©s acceder. Tampoco es posible tener una Ip fija, ya que nuestro equipo por defecto vienen ya de f√°brica. Saludos!"" INCREIBLE LO IN√öTILES Y LADRONES"
11/10/18 12:37;"apblengino";"Negativo";"fibertel";"@fibertel üò°üò°üò°üò°üò°üò°üò°üò°üò°üò°üò°üò°üò°üò°üò°üò°üò°üò°üò°üò° Quiero que me den el SERVICIO por el que pago una FORTUNA!!!!!"
11/10/18 12:26;"apblengino";"Neutro";"fibertel";"@fibertel necesito una soluci√≥n"
11/10/18 11:04;"MLaura_Lastres";"Negativo";"fibertel";"@buentelefe hace comunicaci√≥n con @SilvanaGiudici del @ENACOMArgentina y ... no hay buena se√±al, se corta la comunicaci√≥n. No tiene remate. Lo que me hace acordar a lo mal que funciona @fibertel porque todo me lleva a ellos ..."
11/10/18 10:50;"apblengino";"Negativo";"fibertel";"Ahora que @fibertel en monopolio de internet, te fobran una fortuna por un servicio que no funciona üò°"
11/10/18 03:24;"enzomacg";"Negativo";"fibertel";"@____KAOS_____ @CableFibertel @fibertel me descarga a 4 mbps, con suerte 4.4"
11/10/18 02:56;"EliasLewa";"Negativo";"fibertel";"@claudiosavoia @MariaLujan_Rey 5to d√≠a e internet sigue andando mal @fibertel PONGANSE LAS PILAS!!! espero que esta vez que venga el t√©cnico no me haga reiniciar el router como todas las veces y se tome el palo"
11/10/18 02:52;"BauDarino";"Negativo";"fibertel";"La re putisima madre que te pari√≥ @fibertel . Hace d√≠as estoy con la se√±al que va y viene, se pueden ir a la puta que los pario. Ma√±ana me bajo."
11/10/18 02:42;"MiliMacias9";"Negativo";"fibertel";"@fibertel cada d√≠a anda un poco peor"
11/10/18 02:20;"xsamskellington";"Negativo";"fibertel";"No saben lo que me estresa pelearme con @fibertel para que me brinden el servicio que pago. Estoy harta realmente."
11/10/18 02:11;"Chuca";"Neutro";"fibertel";"@ultraalto @fibertel @CableFibertel @iplanliv Estoy esperando que llegue a la cuadra."
11/10/18 01:01;"santiagoguasch";"Negativo";"fibertel";"@fibertel hace dos horas q no tengo internet"
11/10/18 00:00;"marepica";"Negativo";"fibertel";"@fibertel no me anda internet y estoy hace 40 min en l√≠nea de espera en el tel√©fono"
10/10/18 23:41;"ekiszkurno";"Negativo";"fibertel";"@fibertel La respuesta fue totalmente insuficiente."
10/10/18 22:48;"xsamskellington";"Negativo";"fibertel";"Che @fibertel estoy hace dos horas con corte de internet y no puedo trabajar..."
10/10/18 22:03;"KaryAbbiati";"Negativo";"fibertel";"@CableFibertel @fibertel Un desastre el servicio. La 2¬∞ vez que no hay servicio en la semana. Y cada vez sale m√°s caro. Una verg√ºenza."
10/10/18 21:32;"overcloners";"Negativo";"fibertel";"@ENACOMArgentina Porque no ayudan al usuario como lo tienen que ayudar @fibertel van tres dias este mes que no me da internet y no me atieneden ni me dan numero de reclamo que hago sigo sin internet?"
10/10/18 16:20;"Jarganarasarge";"Negativo";"fibertel";"@fibertel Hoy cortes y muy baja se√±al. Hablando de baja si seguimos as√≠ dar√≠a de baja al servicio. Espero soluciones"
10/10/18 15:41;"dr_muelita";"Positivo";"fibertel";"@fibertel les hable por dm, gracias"
10/10/18 14:55;"_JuanMS";"Negativo";"fibertel";"Son una reverenda bosta, hijos de la mierda, brinden un servicio como corresponde. Nadie les paga tanta plata para que funcionen tan como el orto, monop√≥licos, garcas e inoperantes de mierda. Arreglenme el internet o p√°guenme el abono del tel√©fono soretes @fibertel"
10/10/18 10:50;"emichib";"Negativo";"fibertel";"Otra vez @Fibertel sin servicio. Y responde una m√°quina. Ayer y hoy lo mismo"
10/10/18 03:50;"FranAcerbo";"Negativo";"fibertel";"@fibertel  La concha de tu madre! Que empresa ineficiente!"
10/10/18 02:40;"ArribalzagaJere";"Positivo";"fibertel";"@PeraltaTincho @fibertel Ya andaaa"
10/10/18 01:54;"miguelgvm";"Negativo";"fibertel";"Queres ver @YouTube o @NetflixLAT ? No contrates @fibertel porque te va a pasar esto #Estafa #PesimoServicio https://t.co/yG47D4OjbN"
10/10/18 01:27;"elRuKet";"Negativo";"fibertel";"Una noche m√°s que @fibertel me deja sin servicio. 9 d√≠as corridos que me cortan el servicio que me cobran por adelantado. Esta semana me cambio de proveedor.  #estafa #fraude #robo #ladrones #mentirosos"
10/10/18 00:57;"MauroRamirez789";"Neutro";"fibertel";"@CableFibertel @fibertel  que pasa con la se√±al? No hay internet en todo el pa√≠s o me parece a m√≠? ü§î"
10/10/18 00:41;"CableFibertel";"Neutro";"fibertel";"@PhoebeCaul @fibertel Te dej√© un DM."
10/10/18 00:30;"PhoebeCaul";"Negativo";"fibertel";"@CableFibertel @fibertel Hola!! una vez m√°s, P√âSIMA se√±al del servicio durante toda la tarde. Me podr√°n informar qu√© sucede? muchas gracias"
09/10/18 23:32;"CableFibertel";"Positivo";"fibertel";"@PatriciaGobbi @fibertel Te respondimos por DM, saludos."
09/10/18 22:11;"Jarganarasarge";"Negativo";"fibertel";"@fibertel qu√© porquer√≠a el servicio de wifi ..... porqu√© se corta tantooo!??"
09/10/18 21:11;"Arodriguez3_";"Negativo";"fibertel";"@fibertel la concha de tu madre hace 2 dias estoy sin wifi"
09/10/18 18:12;"CableFibertel";"Positivo";"fibertel";"@asilvarossi @fibertel Te respondimos por DM.-"
09/10/18 17:37;"asilvarossi";"Positivo";"fibertel";"@CableFibertel @fibertel Ya fue respondido."
09/10/18 14:55;"BallesterRuben";"Positivo";"fibertel";"@RuSzuchmacher @fibertel Tuve que hacer reclamo on line y ah√≠ si me dieron bola"
09/10/18 14:36;"agustttttina";"Neutro";"fibertel";"@fibertel hola! Les mande un DM hace un rato con un problema que estoy teniendo"
09/10/18 14:15;"marioclep";"Neutro";"fibertel";"Hola @fibertel. Les dej√© un DM, favor de responder a la brevedad. Gracias."
09/10/18 11:11;"RuSzuchmacher";"Negativo";"fibertel";"Uno llama a @fibertel que no funciona y no hay modo de que te atienda una persona. Hacen tiempo para que uno siga pagando un servicio deficiente."
09/10/18 08:20;"GuidoVignoli";"Negativo";"fibertel";"@fibertel buenas. Desde ayer no tengo internet. Se ponen las pilas y lo solucionan? Gracias!"
09/10/18 05:39;"NegroBordon";"Negativo";"fibertel";"@Joaco_bustamant @fibertel M√°s que fibra √≥ptica usan crayones estos hijos de puta"
09/10/18 05:38;"Joaco_bustamant";"Negativo";"fibertel";"@NegroBordon @fibertel Nos dejo rengos, que se metan la fibra √≥ptica en el ojete"
09/10/18 05:19;"NegroBordon";"Negativo";"fibertel";"Ni @lacasadepapel hizo un robo tan grande como ustedes @fibertel"
09/10/18 05:18;"NegroBordon";"Negativo";"fibertel";"@Joaco_bustamant @fibertel √©l es un visionario y predijo la bronca que yo iba a tener en este momento"
09/10/18 05:12;"canalire3";"Negativo";"fibertel";"@fibertel la concha de tu madre"
09/10/18 05:08;"NegroBordon";"Negativo";"fibertel";"@fibertel si ser√°n soretes que no dejan jugar un puto partido del fifa tranquilo que se cae todo su wifi de mierda la puta que los pari√≥"
09/10/18 03:41;"lautijunin";"Negativo";"fibertel";"@fibertel mediocres hijos de puta. Que servicio pat√©tico ofrecen. Vive m√°s ca√≠do que mis pelotas cuando los llamo al 0800. Forros"
09/10/18 03:35;"Lucaas_Si";"Negativo";"fibertel";"@fibertel prefiero que me operen a coraz√≥n abierto con una cuchara oxidada antes de volver a contratar su servicio. Pedazos de hijos de puta"
09/10/18 01:49;"Fran_Arraztoa01";"Negativo";"fibertel";"Caen 2 gotas y @fibertel ya cag√≥ fuego"
08/10/18 22:54;"CableFibertel";"Neutro";"fibertel";"@LadyMishu_ @fibertel Hola Mica te respond√≠ por DM. Saludos."
08/10/18 22:23;"braiian_soriia";"Negativo";"fibertel";"Mas de un mes hace que @CableFibertel @fibertel tiene que arreglar la conexi√≥n de Internet que andaba intermitente. Ahora hace del s√°bado que estamos sin servicio y  no arreglan nada! #ServicioDeMierda"
08/10/18 20:11;"CableFibertel";"Neutro";"fibertel";"@lulujromero @fibertel Buenas tardes, te enviamos un DM"
08/10/18 20:04;"Mirmeralex";"Neutro";"fibertel";"@fibertel Buenas tardes necesito hacer una consulta por favor"
08/10/18 18:12;"star_polin";"Negativo";"fibertel";"@CableFibertel @fibertel como siempre me dejan colgada a la mitad de las consultas o reclamos!!!"
08/10/18 17:21;"CableFibertel";"Neutro";"fibertel";"@vicky__r @fibertel Buenas tardes Vicky, mi nombre es Matias. Te pido que nos sigas y envies el DNI del titular por DM asi lo vemos."
08/10/18 17:17;"CaritoVelo";"Negativo";"fibertel";"@DNDConsumidor @fibertel @CableFibertel sigo sin respuesta"
08/10/18 03:24;"PerezaDiurna";"Negativo";"fibertel";"D√≠a a d√≠a aumenta tu monopolio, d√≠a a d√≠a empeora tu servicio.  La puta madre @CableFibertel @fibertel. Den un servicio decente!!!"
07/10/18 13:15;"LaEclectica";"Positivo";"fibertel";"@fibertel @CableFibertel Ya est√°. Gracias @CableFibertel"
06/10/18 22:43;"Florenciaipa";"Negativo";"fibertel";"Son un desastre @fibertel"
06/10/18 22:32;"Lauticabj99";"Negativo";"fibertel";"@fibertel te odio a vos y a tu servicio de mierda"
06/10/18 22:03;"Agustinasozzi";"Negativo";"fibertel";"Qu√© desastre el servicio @fibertel"
06/10/18 17:06;"PanchoLozano4";"Negativo";"fibertel";"La concha de tu madre @fibertel"
06/10/18 16:46;"ImanoISuarez";"Negativo";"fibertel";"@miguealem @fibertel Son unos culeados, los llamas y tardan tres horas en atenderte y te hacen apretar mil botones."
06/10/18 12:59;"fueradesincro";"Negativo";"fibertel";"@CableFibertel @fibertel manga de estafadores, soretes."
06/10/18 04:32;"VictoriaBenito8";"Negativo";"fibertel";"@fibertel no me dejan terminar de ver la serie, los odio. Son el peor internet q existe üñï"
06/10/18 03:48;"PatuRodriguez";"Negativo";"fibertel";"Me hart√© que ande mal wifi, HARTA! @CableFibertel @fibertel"
06/10/18 03:41;"saanzx";"Negativo";"fibertel";"@fibertel sos una pija vos y tu servicio la concha de tu madre"
06/10/18 01:16;"elRuKet";"Negativo";"fibertel";"Para variar una noche m√°s en la que el servicio de Internet de @fibertel no funciona..... Ya cansa esto...."
05/10/18 22:14;"CableFibertel";"Neutro";"fibertel";"@_subiduwu @fibertel Hola! Te invito que nos sigas y me brindes por MD el N√∫mero de Cliente o DNI del Titular para ayudarte. Saludos!"
05/10/18 18:20;"CableFibertel";"Neutro";"fibertel";"@vicfabrice @fibertel Hola Vicfabrice, nos podr√°s enviar por dm el nro de dni de la cuenta por la que cosnult√°s as√≠ podemos ayudarte? Te espero!"
05/10/18 16:48;"CableFibertel";"Neutro";"fibertel";"@foucaultfortine @fibertel Hola! Seguinos y envianos un msj privado con el DNI del titular, asi nos fijamos si la cuenta sigue activa o no.   Gracias."
05/10/18 15:44;"CableFibertel";"Neutro";"fibertel";"@juangazzola @fibertel @DNDConsumidor @BAconsumidor Hola Juan, te dej√© dm."
05/10/18 15:43;"iplanliv";"Neutro";"fibertel";"@AlternateRabbit @fibertel Hola, te respondimos por DM !"
04/10/18 23:12;"Camilaccg_";"Negativo";"fibertel";"Puede andar m√°s para la mierda @fibertel"
04/10/18 22:03;"CableFibertel";"Neutro";"fibertel";"@celiasofovich @fibertel Te respond√≠ por DM. Saludos!"
04/10/18 20:53;"iplanliv";"Neutro";"fibertel";"@AlternateRabbit @fibertel Hola, seguinos asi te respondemos por DM !"
04/10/18 19:23;"CableFibertel";"Neutro";"fibertel";"@paodessaner @fibertel Hola! Te respondimos por DM."
04/10/18 18:25;"Scotta82";"Negativo";"fibertel";"Hola @fibertel estar√≠a bueno que funciones, ya van como 3 horas sin internet"
04/10/18 17:01;"CableFibertel";"Neutro";"fibertel";"@polidelr @fibertel Hola, soy Cinthia. Te respond√≠ por DM, seguimos por ese medio. Saludos."
04/10/18 15:16;"CableFibertel";"Neutro";"fibertel";"@memanoukian @fibertel Hola Matias! Enviame por privado el numero de cliente para poder ayudarte. Te espero!"
04/10/18 15:09;"OhJuana";"Negativo";"fibertel";"@fibertel p√©simo servicio. Hace una semana que me tienen dando vueltas con una instalaci√≥n. Nadie se hace cargo."
04/10/18 14:46;"xsamskellington";"Negativo";"fibertel";"Todo el tiempo lo mismo @fibertel, tu servicio es horrible y car√≠simo por nada. https://t.co/vVxaWCv2LR"
04/10/18 13:26;"CableFibertel";"Neutro";"fibertel";"@Sil_SdeU @fibertel Te respond√≠ por DM!"
04/10/18 04:33;"CableFibertel";"Neutro";"fibertel";"@TefiWagner @fibertel Te respond√≠ por DM, Stefan√≠a."
04/10/18 04:28;"LuuchoCasla11";"Negativo";"fibertel";"Como me voy a quedar sin internet ahora la re concha de tu madre @fibertel"
04/10/18 04:25;"luchiiantonelli";"Negativo";"fibertel";"@fibertel podes andar bien la reconcha de tu madre"
04/10/18 04:22;"LardapideI";"Negativo";"fibertel";"@matiguevara_ @fibertel es incre√≠ble amigo.. no pueden brindar un servicio as√≠, es impresentable de verdad"
04/10/18 00:41;"CableFibertel";"Neutro";"fibertel";"@PerrMatt @fibertel Hola, te respond√≠ por DM. Saludos."
04/10/18 00:28;"andreaplibres";"Negativo";"fibertel";"Sres @fibertel sin servicio desde ayer"
04/10/18 00:24;"CableFibertel";"Neutro";"fibertel";"@die_cuervo @fibertel Te respond√≠ por DM, Diego."
04/10/18 00:09;"Agos_Terraza";"Negativo";"fibertel";"@fibertel no me anda internet¬°!!!!!!!!!"
03/10/18 22:51;"CableFibertel";"Neutro";"fibertel";"@mariafeduelo @fibertel Buenas tardes por favor segu√≠ la cuenta y envianos por DM el DNI del titular para poder ayudarte. Te esperamos."
03/10/18 22:44;"MMoussegne";"Negativo";"fibertel";"@fibertel buenas tardes, el d√≠a de ayer estuve pr√°cticamente todo el d√≠a sin internet, soy d Ramos Mej√≠a, les paso mi n√∫mero de cliente?"
03/10/18 16:55;"ortizrm";"Positivo";"fibertel";"@DNDConsumidor @fibertel Gracias!!"
11/10/18 20:26;"gbruno2201";"Negativo";"vw";"@vwargentina Ya env√≠e mi datos por mensaje privado y nada"
11/10/18 20:24;"HernanFAlbornoz";"Negativo";"vw";"@vwargentina Se me rompi√≥ el sistema de embrague con menos de 1 a√±o y medio de uso todo en ciudad . La garant√≠a es s√≥lo es para los primeros 6 meses. Menos mal que no la use en el campo. Me duraba 2 d√≠as!"
11/10/18 20:21;"HernanFAlbornoz";"Negativo";"vw";"@vwargentina @gbruno2201 Lo mismo me pasa a mi. No dan respuesta! Saludos"
11/10/18 20:19;"SuranClub";"Positivo";"vw";"Te llevamos a visitar la planta de  @vwargentina en Pacheco. Ingresa a nuestro grupo en Facebook y ent√©rate! https://t.co/YyK2AhIyPP https://t.co/83Sskrwr6V"
11/10/18 19:17;"InfoAutoAr";"Neutro";"vw";"#Volkswagen #TCross: su producci√≥n iniciar√° en diciembre en #Espa√±a. Se presentar√° oficialmente el pr√≥ximo 25 de octubre en Holanda. @vwargentina - L√©elo en la web de @InfoAutoAr (https://t.co/Pldo220DlV) https://t.co/yIQQybxI6I"
11/10/18 18:18;"InfoAutoAr";"Positivo";"vw";"#Volkswagen anuncia nuevas #financiaciones y #beneficios durante octubre @vwargentina - Combustible gratis hasta fin de a√±o y financiaci√≥n a tasa 0% a 24 meses. L√©elo en la web de @InfoAutoAr (https://t.co/nZamTgTBaL) https://t.co/M7GsAj6KeL"
11/10/18 18:07;"hoeffner";"Negativo";"vw";"No solo eso, habiendo pagado, mas o menos 75/80 mil pesos. Finalmente les retire el auto, lo hice todo con plata de mi bolsillo por el 20% del valor que te pasan ellos y con repuestos originales. @vwargentina  @carone No hagan services oficiales!! Te roban la plata!! https://t.co/dNtCLad4O7"
11/10/18 16:17;"hoeffner";"Negativo";"vw";"Les recuerdo a todos los que no vieron mi Tweet de la semana pasada, que @vwargentina  ni @CARONE  cumplen con las garant√≠as de los autos que venden. Aviso, a mi, con el 100% de los services cumplidos al pie de la letra no me cumplieron y te llenan de excusas."
11/10/18 14:17;"natihoz";"Negativo";"vw";"@vwargentina 4) Ahora (50.000km aprox) tengo colgando una de las patas de la caja , se sali√≥ el tornillo entero"
11/10/18 14:17;"natihoz";"Negativo";"vw";"@vwargentina  GOL POWER 2013  1) Entre los 25.000 y 30.000km , se gastaron las 4 cubiertas  2) Menos 30.000km, se fisur√≥ 5 o 6 veces el multiple de escape (brida a la salida y en el cuerpo mismo)  3) Menos 40.000km, cambio 4 amortiguadores nuevos."
11/10/18 14:16;"natihoz";"Negativo";"vw";"@vwargentina GOL POWER 2013 - todos los problemas juntos en menos de 60.000KM!!!!"
11/10/18 12:24;"NinaPergolesi";"Positivo";"vw";"@DiegoDaorden @vwargentina No tengo dudas!! Polo tambi√©n es un ca√±o. Un fierrito."
11/10/18 12:22;"DiegoDaorden";"Positivo";"vw";"@NinaPergolesi @vwargentina Polo... Tengo un 1.9D que lo amo, y mi bolsillo m√°s"
11/10/18 12:19;"NinaPergolesi";"Positivo";"vw";"@DiegoDaorden @vwargentina Siempre gan√≥ por goleada diego. üí™üèªcomo me gustar√≠a verlos con un equipo oficial. Autos nobles si los hay, gol, voyage etc."
10/10/18 23:21;"dai_ram";"Negativo";"vw";"@vwargentina DECEPCIONADA CON LA MARCA, NUNCA MAS!NO RECOMIENDO LA MARCA NO AYUDAN CUANDO LAS COSAS LES SALEN MAL pero cuando tienen que vender son los primeros..NO RECOMIENDO LA MARCA. A las Suran HIGHLINE No le anda la bateria,las cambian y siguen sin funcionar y NO SOLUCIONAN"
10/10/18 21:21;"PuchetaDaniel";"Positivo";"vw";"Muy bien @vwargentina Calidad asegurada dando fe por expericiencia https://t.co/xuoCIZg32r"
10/10/18 21:06;"DiegoDaorden";"Positivo";"vw";"@cristianre78 @lauraviajera @vwargentina Yo tengo un Polo gasolero y zaf√≥ del esc√°ndalo... no se metan con el 1.9. Ca√±√≥n!!!"
10/10/18 21:03;"TiempoMotorARG";"Positivo";"vw";"#Volkswagenfest M√°s beneficios en Octubre, financiaci√≥n a tasa 0, combustible gratis, beneficios en seguros y postventa, entre otros @vwargentina @VWAmarokArg https://t.co/kghNFZMtpN https://t.co/EW1zSMFBea"
10/10/18 21:03;"cristianre78";"Positivo";"vw";"@lauraviajera @DiegoDaorden @vwargentina Y, digamos la verdad, el Volkswagen es un ca√±o. Yo tengo un Gol y no te deja tirado jam√°s."
10/10/18 20:59;"lauraviajera";"Neutro";"vw";"@DiegoDaorden @vwargentina Y si. Son lideres en este mercado. El escandalo del Diesel precipit√≥ su salida del WRC, por ejemplo. Una pena."
10/10/18 20:51;"DeCarloNestor";"Negativo";"vw";"Si hacemos una competencia de ineficiencia, en el podio habr√≠a un empate entre @vwargentina y @BNPPCardifARG entre ambos no se pueden pasar UN MAIL hace casi dos meses! Felicitaciones! Tienen mi direcci√≥n para buscar el premio!! üò°üò°"
10/10/18 18:56;"harpetho";"Positivo";"vw";"Oktober Fest en VW !!  @vwargentina super√≥ las 100.000 ventas en la Argentina y lo festeja en octubre con m√°s beneficios exclusivos. 101.722 unidades patentadas en lo q va del a√±o es motivo para seguir el VW Fest https://t.co/htgZ8AyQ9h"
10/10/18 18:26;"ELLOCOTRAVERSO";"Positivo";"vw";"@DiegoDaorden @vwargentina Ya lo tengo comprobado. Yo soy hiperfanatico de Renault, desde el Torino para aca, pero hace por lo menos 15  a√±os estoy con la VW en varios modelos y versiones. Funcionan a pasto y agua"
10/10/18 18:13;"harpetho";"Neutro";"vw";"@DiegoDaorden @vwargentina No est√° en Automovilismo argentino, pero si en F3 como proveedor d motores , en Rally Cross acaba d ganar el Cto mundial y debutan c un nuevo VW Polo en WRC2..."
10/10/18 17:51;"DiegoDaorden";"Positivo";"vw";"Desde hace unos d√≠as, cuando vamos al colegio con mis hijos, empezamos a jugar a decir y contar las marcas de los autos que vemos. @vwargentina gana por afano, mal. Por cada 10 autos, seis son VW. Hagan la prueba con los suyos... ¬°¬°¬°Y la marca no est√° en el automovilismo!!! https://t.co/ZIoMWYpdzr"
10/10/18 17:49;"jcvautos";"Positivo";"vw";"Contin√∫a durante octubre la campa√±a de beneficios exclusivos @vwargentina . Tasa 0%, seguros, posventa, combustible gratis etc. ""VolkswagenFest"" @Mitreylosautos @MartinMassimino @sorroconese @mgq @tomasamorena https://t.co/CJ9IOMJzzw"
10/10/18 17:48;"16valvulas";"Positivo";"vw";"Volkswagen Argentina ya super√≥ las 100.000 unidades vendidas en el a√±o y contin√∫a con el VW Fest https://t.co/XpA9hP0e6A @vwargentina @tomasamorena https://t.co/29oHgXSlkC"
10/10/18 17:03;"TutaCentral";"Negativo";"vw";"Y estoy pagando 3 lucas de seguro como si tuviera una ferrari la concha bien de tu madre @vwargentina hijos de mil puta atiendanme el tel√©fono"
10/10/18 15:50;"Agroverdad";"Neutro";"vw";"#NuevoVento @vwargentina presenta en C√≥rdoba el nuevo Vento, la s√©ptima versi√≥n de un ""veh√≠culo ic√≥nico"" para la marca, dijo Mart√≠n Massimino, de Mkt de VW https://t.co/PJIoKw8CCE"
10/10/18 14:32;"TiempoMotorARG";"Neutro";"vw";"Volkswagen contin√∫a anticipando en Europa el T-Cross ‚ñ∫https://t.co/E0jbqNIjWX @vwargentina https://t.co/Z3Xpm5Rnru"
10/10/18 14:27;"TiempoMotorARG";"Neutro";"vw";"Volkswagen contin√∫a avanzando con el T-Roc Cabrio ‚ñ∫https://t.co/P8GblybAtH @vwargentina https://t.co/fHjCiSBOPX"
10/10/18 14:21;"hoeffner";"Negativo";"vw";"Fui, compre el Auto, vento 1.4 en car one pilar a @vwargentina hice 7 services oficiales, valor mas /menos por los 7 seran 75/80 lucas, a la primera que tenian que poner ellos, te llenan de excusas y te quieren cobrar un dineral! Y la gtia.? No hagan services oficial Chantas mal!"
10/10/18 14:02;"CarsDriveCba";"Neutro";"vw";"#SucedeAhora: @vwargentina presenta el nuevo Vento en C√≥rdoba. https://t.co/qOO026GB8p"
09/10/18 23:00;"Totalmedios_com";"Neutro";"vw";"Camiones @Volkswagen cumple 20 a√±os en la @vwargentina y lo celebra con esta campa√±a realizada por @GeometryArg @GeometryGlobal  https://t.co/6RkH5xdSXM https://t.co/VTM7aqXVAz"
09/10/18 18:20;"sfarias03";"Neutro";"vw";"@vwargentina Buenas tardes, quiero saber como puedo cambiar el seguro del auto de mi plan de ahorro, por uno en forma particular. Desde ya muchas gracias saludos"
09/10/18 17:45;"16valvulas";"Positivo";"vw";"I am intuitive: Volkswagen destaca la tecnolog√≠a y conectividad del T-Cross con un nuevo teaser https://t.co/8vxtfPbM0m @vwargentina @tomasamorena https://t.co/VbeQamuR5M"
09/10/18 16:30;"Totalmedios_com";"Neutro";"vw";"#Vaivenes la campa√±a realizada por @GeometryArg @GeometryGlobal para #Camiones de @vwargentina  https://t.co/6RkH5xdSXM https://t.co/hK6mZS2nqM"
09/10/18 11:25;"horacioalonso16";"Neutro";"vw";"En ADEFA se viene un nuevo presidente. Por orden alfab√©tico, le tocaba a Scania pero no, ser√° Hern√°n V√°zquez, CEO de @vwargentina . El recambio se har√°  el 17 de octubre, justo el D√≠a de la Lealtad para una peque√±a traici√≥n (a una tradici√≥n de la entidad) https://t.co/DhLQ9ajmwp"
09/10/18 00:12;"AlAdadjr";"Negativo";"vw";"@vwargentina Por que no existe un servicio postventa y service oficial en la zona de Tartagal, pcia. de Salta?? Hay que hacer 400 km para hacer un service"
08/10/18 23:32;"CarinaGallinger";"Negativo";"vw";"@vwargentina hola. Necesito resolver un problema. El seguro de desempleo me esta pagando la cuota del auto, pero no el seguro. Desde haimovich parana me dicen q necesito unos cupones en blanco para poder pagar. Yo no tengo esos cupones y hasta la fecha no me han resuelto. Gracias"
08/10/18 20:44;"PeterFoxter";"Negativo";"vw";"@vwargentina y @EscobarVW NO se hacen cargo de las garantias de los 0km. Ojo al piojo."
08/10/18 18:53;"estebank1961";"Negativo";"vw";"@espasa @vwargentina x dm me dijeron 72 hs para responderme. hoy 1 semana y nada. seguir√© esperando a que respindan. gracias por v/atencion."
08/10/18 17:40;"DossierNet";"Neutro";"vw";"""Vaivenes"", nueva campa√±a de Geometry para Camiones de Volkswagen Argentina https://t.co/vySoUGfiry @vwargentina @GeometryArg https://t.co/PaxtqIP1sK"
08/10/18 16:43;"magsanse1";"Positivo";"vw";"@VW_es Una pedazo de m√°quina de @VW_es  @VW  @vwargentina"
08/10/18 15:13;"Mendiccini";"Neutro";"vw";"@vwargentina Hola, necesito hacer una consulta. Les mando DM"
08/10/18 14:22;"aaaleksich";"Neutro";"vw";"@vwargentina Como obtengo mas Info de esta promo?. Compre el nuevo vento pero en la concesionaria no ten√≠an informaci√≥n"
06/10/18 18:08;"95choper95";"Negativo";"vw";"@vwargentina la concha de tu madre"
06/10/18 16:09;"InfoAutoAr";"Neutro";"vw";"#Volkswagen y #Microsoft anuncian una alianza estrat√©gica @vwargentina - Ambas empresas colaborar√°n estrechamente para acelerar la transformaci√≥n digital de Volkswagen. L√©elo en la web de @InfoAutoAr (https://t.co/PASzvaKHco) https://t.co/harOmk4Hme"
06/10/18 16:04;"MartinSalaMdp";"Positivo";"vw";"@mperezpelaez @ElReflector1 @MonitaPrensa ah√≠ estaremos !!!! @Burgwagen @RevistaCentral1 @vwargentina @MonitaPrensa , sin dudas uno de los lanzamientos del a√±o !!!"
06/10/18 13:40;"gbruno2201";"Negativo";"vw";"@vwargentina La mejor marca, la peor atenci√≥n. No atienden nunca los tel√©fonos de autoahorro hasta 90 min de espera...y la pagina web hace mas de una semana que no funciona el estado de cuenta, no me permite cancelar el plan.. Despu√©s se quejan que no venden"
06/10/18 13:38;"gbruno2201";"Negativo";"vw";"@vwargentina La mejor marca, la peor atenci√≥n. No atienden nunca los tel√©fonos de autoahorro hasta 90 min de espera...y la pagina web hace mas de una semana que no funciona el estado de cuenta, no me permite cancelar el plan.. Despu√©s se quejan que no venden"
05/10/18 19:23;"aapresid";"Positivo";"vw";"Hoy socios de #Aapresid disfrutaron del test drive de la Amarok V6 Comfortline Gracias @vwargentina por dejarnos formar parte de este jornada! #ExperienciaAmarok https://t.co/gyrsIHkKYb"
05/10/18 17:41;"ius_2014";"Neutro";"vw";"@TiempoMotorARG @vwargentina La versi√≥n anterior no ten√≠a caja de 7?"
05/10/18 12:54;"anitabilbao";"Negativo";"vw";"@vwargentina Horrible y trisitismo el mensaje de esta publicidad. #NuevoVento #VW"
05/10/18 11:55;"CarsDriveCba";"Neutro";"vw";"Primer video oficial del nuevo @vwargentina T-Cross en su versi√≥n brasile√±a. Se presenta el 25/10 a nivel mundial, a Argentina llega en segundo semestre de 2019. https://t.co/pIp3MqzC4R"
04/10/18 21:33;"hoeffner";"Negativo";"vw";"@vwargentina  Cumplan con la garant√≠a de sus vehiculos!! Hacer los services oficiales no sirve de nada!! Siempre la dibujan y cobran mas del doble que un taller normal. El d√≠a que pasa algo se hacen los giles y siempre tienen excusas. Me pas√≥ en Car One de Panamericana!"
04/10/18 14:02;"ChiriRomi";"Positivo";"vw";"*se port√≥ y nos trajo de vuelta a casa. Los felicito por el equipamiento y estabilidad de la Camioneta, nos trajo De Gral Acha a Merlo Bs As. M√°s de 700 km. Grande @vwargentina"
04/10/18 12:58;"AC_FACMA";"Positivo";"vw";"@HorizonteA @juancarlosgrasa @VWAmarokArg @carolina_jalon @vwargentina Muy linda invitaci√≥n!"
04/10/18 12:00;"GPSTaller";"Neutro";"vw";"@matiasantico de @TNAutos prueba el nuevo #sedan #VWVirtus 1.6 AT ¬° Lo disfrutamos juntos aqu√≠ ‚ñ∂https://t.co/dvzHlZ5Xnq ! @volkswagen @vwargentina @gpstaller Registrate en https://t.co/giTNtX5cMS Baj√° app para @Android en https://t.co/giTNtX5cMS #BuenViaje https://t.co/KG48pE6juI"
04/10/18 10:42;"AWArgentina";"Neutro";"vw";"M√°s datos sobre el T-Cross de VW @vwargentina https://t.co/BldTqkNalk"
04/10/18 03:13;"GuidoTonelli";"Neutro";"vw";"El @vwargentina #NuevoVento pas√≥ por @routieretest üëá https://t.co/QbdKbumWyZ"
03/10/18 18:06;"GuastiniLuis";"Neutro";"vw";"Junto a @MaraSwan y @mofloresb visitamos la planta de @vwargentina. Adem√°s de recorrerla, intercambiamos detalles sobre pr√°cticas de diversidad. Afortunadamente, cada vez m√°s organizaciones promueven la inclusi√≥n laboral. ¬°Gracias por recibirnos! https://t.co/FdmBhRSukc"
03/10/18 17:14;"autofaro";"Positivo";"vw";"Volkswagen Argentina brinda una serie de oportunidades y beneficios a su clientela para toda su gama de productos en el mes de octubre. cc @vwargentina https://t.co/4ByHON0NcZ https://t.co/0Eq6N9Lr5f"
03/10/18 16:51;"autofaro";"Neutro";"vw";"Volkswagen y Microsoft acordaron una sociedad estrat√©gica para acelerar la inserci√≥n de la automotriz germana en el mundo digital. cc @vwargentina https://t.co/F3QQRVPJkN https://t.co/fLpB7kzyt5"
03/10/18 14:29;"gerardodagos";"Negativo";"vw";"@vwargentina No atienden al 0810. Por mails no contestan.  Como me comunico para recibir respuesta?"
03/10/18 13:50;"ferfrataa";"Negativo";"vw";"Dejen de aumentar el auto hijos de puta @vwargentina"
02/10/18 18:27;"JanuGenia";"Negativo";"vw";"Pasan los a√±os y cada vez odio mas a @vwargentina y la incompetencia con la que se manejan. Sumamente insatisfecha. #LoDije"
02/10/18 18:08;"MasCreativos_sg";"Negativo";"vw";"@vwargentina #sonunavwerguenza complices de la agencia ALRA S.A.  mentiras 24 x 7 se lavan las manos."
02/10/18 17:48;"RadioDelCampo";"Neutro";"vw";"Comida con la gente de @vwargentina @VWAmarokArg en San Isidro. Charlando con @JuanGrasa  @carolina_jalon https://t.co/GWgVEEscSN"
02/10/18 16:27;"mitreyelcampo";"Neutro";"vw";"Amarok sigue apostando al campo con acuerdos estrat√©gicos @VWAmarokArg @vwargentina @carolina_jalon https://t.co/Vm2PcbzxzA https://t.co/G8CPYzNYZQ"
02/10/18 12:27;"diego_tiseira";"Negativo";"vw";"Sigo esperando respuesta de @vwargentina No le recomiendo a nadie que se meta en un Plan. Una vez que est√°s adentro, destrato total con los clientes. @DNDConsumidor"
01/10/18 22:31;"TiempoMotorARG";"Positivo";"vw";"[INFORME] @vwargentina se qued√≥ con el N¬∞1 en ventas en el mes de septiembre ‚ñ∫https://t.co/fmQ0Ikv8xL https://t.co/qg9NRMBD6b"
01/10/18 21:35;"gascampana";"Negativo";"vw";"@vwargentina 14:03 te envi√© el mensaje privado como me pediste, sigo sin respuesta.."
01/10/18 18:59;"benjaminsaenz";"Negativo";"vw";"@vwargentina les mand√© DM,mail,por tel√©fono NO solucionan el problema y la web desactualizada. DESASTRE. Necesito una respuesta urgente HOY"
01/10/18 16:33;"robimpaglione";"Negativo";"vw";"@gascampana @SebaFernandezB @vwargentina A nadie le importa un cuerno. La Pxma vez no compres esa marca de auto. Quien no tiene posventa no se le compra nada. Son unos turros"
01/10/18 12:43;"gascampana";"Negativo";"vw";"Tan dif√≠cil es conseguir el repuesto de un broche de cintur√≥n de seguridad @vwargentina ? Hace una semana que me vienen dando vueltas... ‚Äúnada satisfactoriamente‚Äù ser√≠a mi respuesta a la consulta sobre mi experiencia. https://t.co/IFLuacpbuw"
01/10/18 11:20;"CarsDriveCba";"Positivo";"vw";"Promociones: combustibles gratis y otros beneficios de @vwargentina   https://t.co/1Vw6tvWLZe"
11/10/18 20:53;"SamuCastro1425";"Neutro";"apple";"@FlashPCT @mrodriguezott @Apple Confiaremos en ti , la verdad es que no me gustar√≠a dejar apple para pasar a Android , pero si no queda m√°s remedio ...."
11/10/18 20:40;"finalfyl";"Negativo";"apple";"@Apple estafa"
11/10/18 20:24;"unparrafomas";"Negativo";"apple";"@Apple Bienvenido al consumismo mejor dicho."
11/10/18 20:00;"InformaBTL";"Neutro";"apple";". @Amazon y @Apple rechazan que sus sistemas tienen #chips del #espionaje chino  https://t.co/SGkP1fgp6k"
11/10/18 19:55;"CertidealES";"Positivo";"apple";"@shakesporrillo @Apple Los nuestros tambi√©n vienen con garant√≠a larga y puedes conseguirlos a ese precio"
11/10/18 19:43;"albertjorquera";"Positivo";"apple";"La fotograf√≠a nocturna del @Apple Iphone XS Max es una pasada! Brutal el cambio en este aspecto concreto üîùüîùüîù https://t.co/TDS8cqmGpF"
11/10/18 19:42;"joeliconx";"Neutro";"apple";"Me gustan lo iPhones pero la verdad Google Pixel 3XL por el mismo precio del XS si tiene cargador r√°pido y adem√°s algunos accesorios   https://t.co/QTH1D9eWIW Aprendan algo @Apple"
11/10/18 19:40;"Hugovisiglia";"Negativo";"apple";"@Apple Bajarlo de precio! Estamos locos!? Ni con el nuevo sueldo m√≠nimo!! üòÇüòÇüòÇ https://t.co/hdSe9RTJNt"
11/10/18 19:25;"shakesporrillo";"Positivo";"apple";"@CertidealES @Apple Mejor comprar uno nuevo de 200 euros que viene con garant√≠a y te va a servir para lo mismo (llamar, que te llamen y mandar whatsapp) y te ahorras un dinerito. üòè"
11/10/18 19:00;"sebastiansoto23";"Positivo";"apple";"@omargcasanova @WhatsApp @Apple Si te van a leer"
11/10/18 18:49;"MonseOrtegaaa";"Positivo";"apple";"@Apple te amo, pero qpd con qu√© est√°s sacando Software cada 3 d√≠as? üôÉ"
11/10/18 18:46;"umsalazar";"Negativo";"apple";"Mucho cuidado! Circula un correo fake de la Apple Store. indicando una supuesta compra y que pide confirmar o cancelar abriendo un PDF adjunto, es #Pishing ya que abre una web fraudulenta para gestionar el Apple ID @Apple @AppStore https://t.co/SSWtlFTv9x"
11/10/18 18:37;"chemafrias";"Neutro";"apple";"Pregunta seria: ¬øC√≥mo hacen para que los aud√≠fonos del iPhone no se les boten cada dos canciones? Muy bonito el dise√±o, pero no se sostienen. ¬øTendr√© que operarme las orejas? @Apple"
11/10/18 18:35;"DelAngelKar";"Negativo";"apple";"A veces me da la impresi√≥n de que @Apple hace al fregadazo sus actualizaciones de iOS y luego vienen los parches de ‚Äúx‚Äù correciones de errores. üòë"
11/10/18 18:18;"sovject";"Negativo";"apple";"Supongamos que se quedan sin espacio en su iPhone o Macbook, se compran espacio en iCloud. Proceden a borrar las cosas de sus dispositivos asumiendo que ya est√°n resguardados en la nube, no, se borra tambi√©n de iCloud y pierden su informaci√≥n. Son unos putos genios, @Apple. Bravo"
11/10/18 17:59;"_MabelMurcia";"Negativo";"apple";"La c√°mara frontal del iPhone X‚Äôs est√° UNA MIERDA. Se devolvieron al iPhone 6 otra vez @Apple"
11/10/18 17:37;"Aragon_Edwin";"Negativo";"apple";"Mil y un fallas con el #iPhoneXS o el #IOS12 o de ambos pero de verdad se tienen que corregir varias cosas!! @MxApple @Apple y eso para aplicaciones nativas!! Pues qu√© pas√≥??"
11/10/18 17:32;"Annangura";"Negativo";"apple";"Una vez m√°s  @Apple decepcionando, no puede ser que inviertan m√°s de 5 millones de pesos en un tel√©fono que no carga, o que cada semana o cada 15 d√≠as tengan que actualizar el iOS de los dispositivos no por el avance tecnol√≥gico, sino, para corregir errores. ¬°Vergonzoso! üò°"
11/10/18 17:31;"sandracastillo0";"Positivo";"apple";"Tan bueno es el servicio al cliente de @apple que te da la opci√≥n de elegir el tipo de m√∫sica que prefieras en lo que esperas a que te atiendan, son peque√±os detalles pero hasta eso cuidan."
11/10/18 17:30;"metrocuadrado";"Neutro";"apple";"Las instalaciones de @Apple Park han costado aproximadamente 5.000 millones de d√≥lares. ¬øQu√© opinas de este nuevo edificio?  https://t.co/0r1NXxNHFK"
11/10/18 17:02;"Alfredbarrraza";"Negativo";"apple";"@Apple porque me hacen cargos a mi tarjeta que nunca autorice y que nunca existieron üò°üò°üò°"
11/10/18 16:41;"agosssw";"Negativo";"apple";"nose si cpn la plata de mis quince comprarme una csmara o un celular O HACER ALGO CON ESTE PORQUE NO ME CARGA Y NO ES EL CARGDOR ES RL CELULAR @Apple SOS UNA PORONGA"
11/10/18 16:31;"_bree_nn";"Neutro";"apple";"@Apple como puedo reclamar una compra que no realice yo y se est√° haciendo uso de mi cuenta ü§î @AppleSupport"
11/10/18 16:17;"fIowerdrop";"Negativo";"apple";"hacer las baterias mejores por favor @apple"
11/10/18 16:13;"AlfonsoDCC";"Neutro";"apple";".@Apple fortalece su divisi√≥n de chips con una inversi√≥n de 600 millones de d√≥lares en @DialogSemi. Te lo cuento ‚¨áÔ∏è  https://t.co/c2QL9xIfJp"
11/10/18 16:08;"SamuCastro1425";"Neutro";"apple";"@mrodriguezott @FlashPCT @Apple Seg√∫n dice Miguel el tiene ya instalado el iOS 12.1 y le va exactamente igual no ve mejor√≠a , algo que decir @FlashPCT"
11/10/18 16:07;"Merca20";"Neutro";"apple";"¬øC√≥mo es que #Transsion hace de su marca #Tecno un l√≠der por encima de gigantes como @Apple y @SamsungMobile?   https://t.co/x3BptPCJEy"
11/10/18 15:44;"ChickenShowMx";"Neutro";"apple";"#Tecnologia @Apple quiere que vayas con profesionales o te bloquean. üíª  Nota: https://t.co/fgNi5LVeTT"
11/10/18 15:36;"MarioLongV";"Neutro";"apple";"@AppleMxico  @Apple @AppleSupport necesito ayuda con mi Apple ID ‚Äúurgente‚Äù si aplicaci√≥n es in√∫til y sus soluciones tambi√©n, no me deja llamar a nadie por mi localizaci√≥n, por favor ay√∫denme"
11/10/18 15:32;"mariacalvoglz";"Neutro";"apple";"@Apple Cuando llega el iwatch 4 a Mexico ???"
11/10/18 15:29;"tateialejnm";"Negativo";"apple";"¬øPrimero los cables y ahora aud√≠fonos? @apple deber√≠a vender cosas de mejor calidad con esos precios üòí"
11/10/18 15:05;"AyrtonPr";"Positivo";"apple";"No saben que m√°s hacer para superar a @Apple https://t.co/AgV0UGg8sn"
11/10/18 15:04;"jsanxchez";"Negativo";"apple";"@elcorteingles @Apple No tienen stock y siguen vendi√©ndolos , desde el 27 de septiembre pedido , primero que el 12/10 y despu√©s que se retrasan hasta el 26/10. Un desastre de empresa en canal online."
11/10/18 14:05;"chisp7";"Negativo";"apple";"@Omarpy202 A @Apple no gustar esto jajajaj in your face #timcook"
11/10/18 14:03;"apradoc";"Neutro";"apple";"Cada vez con @Apple es ...""m√°s dif√≠cil para los usuarios de Mac arreglar sus dispositivos en casa o en un proveedor no autorizado"" ¬øComprar√≠as un equipo inform√°tico que no te permita cambiarle ""Ni el teclado""? üôÑ#ObsolescenciaProgramada #ObsolescenciaEcon√≥mica https://t.co/FBymrNsXG4"
11/10/18 13:50;"mismatso";"Neutro";"apple";"La compa√±√≠a @Apple ha incorporado en todos los dispositivos que incorporen el¬†chip T2¬†‚Äîcomo los¬†iMac Pro¬†y los¬†MacBook Pros¬†de 2018‚Äî, un mecanismo para que queden inutilizables si son reparados por terceros.  https://t.co/zzQHAIXNdc https://t.co/Ts5sbaLMRi"
11/10/18 13:49;"ElvisTavarez04";"Negativo";"apple";"Como matas un producto, con otro producto, eso hizo @apple con el XR @MARCIANOPHONE @ProfeJuANTONIO @Apple5x1"
11/10/18 13:38;"ProyectosEspe";"Neutro";"apple";"Conozca la nueva sede de @Apple #AppleCampus2, ubicado en Cupertino, California, Estados Unidos. Tiene una estructura en forma de nave espacial, con 260.000 metros cuadrados https://t.co/AF0Fb7NOpF"
11/10/18 13:31;"SamuCastro1425";"Negativo";"apple";"@FlashPCT @mrodriguezott @Apple Eso espero , por que es una pena que tenga muchas opciones desactivadas importantes del iPhone todo por ahorrar bater√≠a ."
11/10/18 13:30;"FlashPCT";"Positivo";"apple";"@SamuCastro1425 @mrodriguezott @Apple iOS 12 se enfoca mucho a la estabilidad. Ya viene lo mejor"
11/10/18 13:28;"SamuCastro1425";"Negativo";"apple";"@FlashPCT @mrodriguezott @Apple Confiamos ! Pero yo llevo as√≠ desde que sali√≥ iOS 11 . Con iOS 10 esto no pasaba ! @Apple"
11/10/18 13:26;"JM_garcia4";"Negativo";"apple";"Valiente mierda el soporte tecnico de @Apple Llevo un mes sin un movil el cual estoy pagando, lo enviado dos veces y siguen sin corregirme el fallo! Me informare y pondre las quejas oportunas @AppleSupport"
11/10/18 13:25;"SamuCastro1425";"Positivo";"apple";"@FlashPCT @mrodriguezott @Apple Ok gracias"
11/10/18 13:24;"SamuCastro1425";"Neutro";"apple";"@FlashPCT @mrodriguezott @Apple Cuando saldr√° iOS 12.1 ?"
11/10/18 13:21;"FlashPCT";"Neutro";"apple";"@SamuCastro1425 @mrodriguezott @Apple Bastante. Tenga paciencia y use su iPhone en modo ahorro de energ√≠a"
11/10/18 13:19;"SamuCastro1425";"Neutro";"apple";"@FlashPCT @mrodriguezott @Apple Crees que iOS 12.1 mejorar√° rendimiento y bater√≠a ?"
11/10/18 13:18;"SamuCastro1425";"Negativo";"apple";"@mrodriguezott @FlashPCT @Apple Yo pienso que iOS 11 es igual que peor jajajaja"
11/10/18 12:40;"diariosevilla";"Neutro";"apple";".@Apple  invierte 520 millones en el fabricante europeo de microprocesadores Dialog (@Dialogsemi) https://t.co/g34d6oDvko"
11/10/18 12:37;"RogersBagginses";"Negativo";"apple";"Pinche @Apple de mierda de nada sirven las putas alarmas de sus dispositivos si no van a sonar cuando tienen que sonar. üñïüèªüñïüèªüñïüèª"
11/10/18 11:51;"SamuCastro1425";"Negativo";"apple";"@ferlajara @Fernando5x1 @Apple Yo tengo un iPhone 7 con menos de un a√±o y ya te digo la bater√≠a no me dura nada , tengo muchas opciones desactivadas con el fin de poder ahorrar algo y el modo ahorro activado. @Apple"
11/10/18 11:48;"AlbertoSxenick";"Neutro";"apple";"Los tel√©fonos m√≥viles de los menores deber√≠an tener tb clave para poder apagarlos, modo avi√≥n etc. Al menos dos.  @Apple  Por seguridad. Por ejemplo para evitar robos. https://t.co/r7346pTmtI"
11/10/18 11:00;"cadenapolitica";"Neutro";"apple";"Algunos contenidos originales de Apple podr√°n ser gratuitos si tienes sus productos  #CadenaTech #Starz #HBO @Apple  https://t.co/J8oF6K5lj3"
11/10/18 10:53;"AlbertoBernalLe";"Neutro";"apple";"En su opini√≥n, que @Apple saque un modelo de celular nuevo a la venta cada seis meses es:"
11/10/18 06:00;"sandranellyhm";"Negativo";"apple";"@Apple Estoy tan arrepentida de haber adquirido Apple Watch serie 3 ya que afecto a mi l√≠nea de @telcel y a 3 meses no me dan una soluci√≥n no se que ya hacer porque sigo pago algo que no me funciona"
11/10/18 03:01;"Leolucenad";"Positivo";"apple";"Gracias @apple por estos JAMS üî•üòõüíÄ https://t.co/vQHm1fX9Ls"
11/10/18 02:25;"oshlerplusmore";"Negativo";"apple";"Despu√©s de instalar Mojave, no puedo acceder a mi sesi√≥n. Gracias por el mal d√≠a @apple y los que faltan. https://t.co/vev76Qqd0p"
11/10/18 01:43;"FranciscoCasso";"Negativo";"apple";"@Apple Esta carisimo, que locura."
11/10/18 00:58;"camiloathem";"Negativo";"apple";"C√≥mo le puedo decir a @Apple que no me gust√≥ la interfaz de fotos de icloud de iOS 12? Era mejor la anterior"
11/10/18 00:03;"tavodecoronado";"Neutro";"apple";"@vampipe Creo qu√© @apple tiene un programa de reemplazo de bater√≠as de iPhone https://t.co/QdsRyCmQX0"
10/10/18 23:28;"Sandriux26";"Negativo";"apple";"@Apple y su maldicion de los aud√≠fonos inc√≥modamente dolorosos y sus cables del diabloüö´"
10/10/18 23:04;"Ferniprrra";"Negativo";"apple";"Muy mal no poder escuchar m√∫sica y cargar el celular al mismo tiempoüò°üò°üò° @apple"
10/10/18 22:51;"YoSoiTuLSR";"Neutro";"apple";"#YoSoiTu El contenido streaming de @Apple ser√° gratis para usuarios de sus productos https://t.co/j1o5j8AtnA https://t.co/LpbCrXKqgF"
10/10/18 22:44;"AaronGonco";"Negativo";"apple";"Hola @Apple, @iShop_Mixup tengo un inconveniente con la duraci√≥n de bater√≠a del  iPhone XS, al momento de comprarlo me mencionaron que las duraciones de la bater√≠a ser√≠a de hasta 20 hrs, lamentablemente la duraci√≥n de bater√≠a de mi equipo solo es de 10 hrs, ¬øque puedo hacer? https://t.co/vjv7eBtZOI"
10/10/18 22:14;"Mendezedu";"Negativo";"apple";"Estoy odiando el nuevo macOS Mojave. Vive reinici√°ndose üò≥üî´@Apple @AppleMxico"
10/10/18 22:13;"robertobarquin";"Negativo";"apple";"Una tristeza lo que est√° haciendo #TimCook con .@Apple  Pareciera que solo quiere arrancarte la mayor cantidad de billetes, si por alguna raz√≥n quieres ser fiel a #iPhone. Ya de forzarte a reparar tu #MacBookPRO con ellos mejor ni hablamos.  #WorstCEOever  https://t.co/3DtQEZA3Zi"
10/10/18 21:36;"omargcasanova";"Negativo";"apple";"No puede ser que siga fallando whats @WhatsApp @Apple son una mierda"
10/10/18 21:21;"soyunseatibiza";"Negativo";"apple";"Que no os voy a comprar el puto m√≥vil hostia @Apple https://t.co/MqWW5q4Ge2"
10/10/18 20:44;"josera1423";"Negativo";"apple";"@Apple Dicen que su software y su bater√≠a valen pa pura verga"
10/10/18 20:44;"jm22381";"Neutro";"apple";"Esto es lo que hace Spektral , la √∫ltima compa√±√≠a adquirida por @Apple para que vayan imaginando lo que har√° el iPhone de 2019 https://t.co/hU5tY7v9w1 #tech #MachineLearning #AI #chromakey @tjh84"
10/10/18 20:38;"edgarkrrillo";"Negativo";"apple";"Es en serio @Apple? Ya no encuentro fundas para iPhone X!! üòû"
10/10/18 20:20;"AlexdelPaso";"Negativo";"apple";"@maza_sr @MacStoreMx @Apple No sea metiche cabron! Por cierto mismo servicio que iba tardar 3-5 d√≠as en la Macstore y 15 mil pesos, me lo hicieron en una hora y por menos de la mitad! Y funcionando perfecto mi MacBook! ‚ÄúGran servicio‚Äù de las Macstore ! Muy acorde al precio de los productos !"
10/10/18 20:17;"oriol1986";"Positivo";"apple";"¬øOs he dicho ya que estoy enamorado del Calendario en el modo oscuro de #macOS #Mojave? Pues eso. Gracias @apple ‚ù§Ô∏è‚ù§Ô∏è‚ù§Ô∏è https://t.co/HaD9LHRmFA"
10/10/18 20:11;"Arquera1942ang1";"Positivo";"apple";"@Apple me encantan los iPhone"
10/10/18 19:51;"maza_sr";"Positivo";"apple";"@MacStoreMx @AlexdelPaso @Apple Amigos de Mac, no caigan, mi amigo Alejandro se queja de todo todo el tiempo seguro solo quiere cosas gratis!!!!!"
10/10/18 19:39;"Rafersp";"Positivo";"apple";"Acabo de experimentar algo y la  respuesta fue muy acertada. Muy bien Siri muy bien @Apple  Hasta ella lo sabe üòÇ https://t.co/geSXSl5xiF"
10/10/18 19:29;"ihellochris";"Negativo";"apple";"@Abrakhadaver Acabo de mirar en la web de @apple y no encuentro la carcasa con bater√≠a el iPhone Xs ü§¶üèª‚Äç‚ôÇÔ∏è"
10/10/18 19:20;"as_informatico";"Negativo";"apple";"@Apple Habr√© visto ya este anuncio como 30000000 millones de veces cada pocos tuits, de tanto verlo le he cogido un asco bestial a los nuevos terminales de Apple. Os hab√©is pasado de rosca, el exceso de publicidad ejerce el efecto contrario al deseado."
10/10/18 19:10;"Felipe80339948";"Neutro";"apple";"@Apple Llava ya radio FM incorporada?"
10/10/18 19:00;"LuisGyG";"Neutro";"apple";"üíªüòÆ #LoM√°sLe√≠do ¬øYa conoces el nuevo sistema operativo de @Apple para las Macs? Te cuento todo lo que necesitas saber del macOs Mojave.  https://t.co/yAGVBXH15L https://t.co/HgADUxoD5a"
10/10/18 18:56;"jberlana";"Positivo";"apple";"@CarlosBeneyto @Apple A mi me ha ido fin√≠simo el Air, el mejor portatil que he tenido, sin duda. Pero llevan sin actualizarlo desde 2015, no?"
10/10/18 18:55;"CarlosBeneyto";"Positivo";"apple";"@jberlana @Apple Pues me va estupendamente bien la verdad y no me quer√≠a gastar +450‚Ç¨ de la diferencia con el pro. Pero tuve que cambiar forzosamente"
10/10/18 18:36;"carlos_cinico";"Negativo";"apple";"@elcorteingles No os fi√©is mucho. Yo compre a @elcorteingles un @Apple watch. Compromiso de entrega ‚Äúantes del 11 de octubre‚Äù ayer, me retrasan 15 d√≠as el compromiso de entrega, sin m√°s explicaci√≥n ni compensaci√≥n. Lo sienten, y puedo anular pedido. Yo quiero el reloj!"
10/10/18 18:31;"WonderSlugg";"Positivo";"apple";"@Timely91 @Apple Eso har√©. @Apple muchas gracias"
10/10/18 18:29;"srllama22";"Negativo";"apple";"@Apple Note 9 es mejor"
10/10/18 18:18;"robertobarquin";"Negativo";"apple";"Asi trata a sus clientes .@Apple ü§Æ  Como ven #iPhoneX 64Gb de remate en $7,999  Muy probablemente esta siguiendo el camino de #BlackBerry y es tan ciego #TimCook que no se ha dado cuenta."
10/10/18 18:06;"WonderSlugg";"Negativo";"apple";"TENER QUE FORMATEAR UN DISCO DURO EXTERNO PARA CAMBIAR EL FORMATO POR QUE MAC NO ACEPTA NTFS PERO POR QUE @APPLE HAC√âIS ESO QUER√âIS MATARME O QUE PASA"
10/10/18 18:05;"cucu_reloj";"Negativo";"apple";"@Apple c√≥mo la cagaron con la entrada de los auriculares y cargador igual! No puedo escuchar m√∫sica y cargar el celular al mismo tiempo. Todav√≠a los auriculares inal√°mbricos salen m√°s caro que un celular nuevo!  #apple #iphone"
10/10/18 17:40;"Rubieldecuba";"Positivo";"apple";"@opinatecno @Apple Esa es la Apple que conozco .la que nos da soluciones en lo que canta un gallo...saludos !!!"
10/10/18 17:31;"L30_AguilarC";"Positivo";"apple";"@anavictoriaga iPhone por sobre todo !! Y toda la infraestructura de @Apple hace de mi trabajo y vida m√°s f√°cil,  No me cambiar√≠a por nada !!"
10/10/18 17:13;"OvejaElectrica_";"Negativo";"apple";"@CompaEVLN @backstreetboys @onedirection @Apple No mames. Neta, est√°s argumentando mucha pendejada."
10/10/18 16:55;"g_revi";"Negativo";"apple";"¬øAlguien m√°s est√° harto de la cantidad de cables y adaptadores que se necesitan para usar una MacBook? @Apple Y para el celular, o lo cargas o usas aud√≠fonos. Hay algo mal ah√≠ ¬øno?"
10/10/18 16:44;"Teelker";"Negativo";"apple";"@Apple Dejaros de pantallas de mierda, mi pantalla inrrayable est√° rayada.... buscad soluci√≥n a la actualizaci√≥n de iOS que se carga la bater√≠a!!!!!"
10/10/18 16:34;"AntonioFRojo";"Negativo";"apple";"S√∫per arrepentido de haber comprado un MacBook de @Apple , esto es para ricos que no les importe o duela el dinero! Un simple error y se va todo al garete! üòûüòûüòûüòû"
10/10/18 16:34;"HuaweiMobileMx";"Positivo";"apple";"@michipanero1801 @PuercoMorado @Apple Cada quien es libre de usar el equipo que prefiera, sin embargo, los que saben donde est√° la mejor tecnolog√≠a nos prefieren a nosotros. üòé"
10/10/18 16:34;"MacStoreMx";"Neutro";"apple";"@AlexdelPaso @Apple Hola Alejandro buen d√≠a, nos puedes mandar DM con toda la informaci√≥n por favor lo vamos a ver de forma directa saludos."
10/10/18 16:33;"yoongidefense";"Positivo";"apple";"@Apple te amo"
10/10/18 16:27;"AlexdelPaso";"Negativo";"apple";"Las @MacStoreMx abren a las 11 pero servicio cliente no abre hasta las 12, si no llevas el documento te cobran 200 pesos... eso agregando que me quieren cobrar 15mil por repararle una tarjeta flash a mi MacBook (ni lo que vale la computadora)! Que asco de servicio @Apple"
10/10/18 16:21;"PaisDeMaricadas";"Positivo";"apple";"#Siri de @Apple la tiene muy clara.  #ColombiaMarica https://t.co/pQi9w8wc5I"
10/10/18 16:20;"38consumer";"Neutro";"apple";"@Apple lanza una campa√±a para el nuevo #iPhoneXS.  Growth Spurt  https://t.co/E1K6qiDCXK"
10/10/18 15:40;"Comunidad_ICREA";"Neutro";"apple";"C√≥mo se comportan @google, @amazon @Microsoft  y @apple en consumo de energ√≠a #renovable seg√∫n @bloomberg #miercolesdeICREA https://t.co/6GezH0WfH8"
10/10/18 15:05;"veronica_uc";"Negativo";"apple";"@Apple que mala la actualizaci√≥n que mandaron üò°"
10/10/18 15:05;"RamParra";"Negativo";"apple";"@Apple Ahora si se pasaron est√°n car√≠simos"
10/10/18 14:48;"ductoslago";"Positivo";"apple";"Creo que @Apple no le ha apostado a mejorar su camara!!! Hasta no ver un cambio significativo regresare a #apple. https://t.co/ZQAapxHtqJ"
10/10/18 14:35;"kroquejarme";"Negativo";"apple";"Ni un a√±o ha pasado de que compre mi IPhone 7 y ya se descarga r√°pidamente la pila y se calienta üò°@ServicioTelcel @Telcel @Apple @Profeco"
10/10/18 14:21;"PodiumPodcast";"Positivo";"apple";"@pencil_ilustra @ElGranApagon @Apple üòç ¬°Lucen bien en cualquier sitio!"
10/10/18 14:14;"barrdega";"Neutro";"apple";"Lo que debe saber acerca de @Apple macOS Mojave y @VMware Workspace ONE UEM: https://t.co/2qKpFE8k93 https://t.co/166SrnJjce"
10/10/18 13:59;"EduardoPradanos";"Negativo";"apple";"@OMsjG @Apple Diooooos, odio eso tambi√©n. Te deja sin poder usarlo un buen rato cada vez que se acaba la bater√≠a..."
10/10/18 13:50;"RoyalePeke";"Negativo";"apple";"Lo unico que le falta a los airpods es poder subir y bajar el volumen, ya sabeis @Apple cabrones"
10/10/18 13:33;"cisrael09";"Negativo";"apple";"Que desastre actualice mi iPhone y est√° funcionando muy mal,@apple est√°n perdidos!!!!"
10/10/18 13:32;"Oncoblogg";"Negativo";"apple";"Atenci√≥n penosa en Apple Puerta del Sol. 40 minutos esperando (y lo que queda) para recoger un pedido online, para el que ellos mismos me han avisado ayer diciendo que ya estaba disponible. Un desastre. @Apple"
10/10/18 12:26;"lauribelen";"Positivo";"apple";"@cigmx @tuQuejaSuma @Apple @AppleMxico yo lo actualic√© y anda Perfecto"
10/10/18 12:15;"davedsg";"Positivo";"apple";"@Apple Gracias pero yo soy amante de las pantallas m√°s peque√±as. Enamorado de mi SE y esperando nuevo modelo üòä"
10/10/18 12:12;"ytasier";"Negativo";"apple";"@Google @Apple Aprended a hacer m√≥viles por favor"
10/10/18 11:23;"jorgeescoba5";"Negativo";"apple";"@Apple Podriais ppner una bateria que valga la pena porfavor"
10/10/18 10:31;"visioninvisible";"Positivo";"apple";"Original Sin... la Apple I fue la primera computadora vendida por @apple en 1976 y sent√≥ las bases para una de las compa√±√≠as que cambi√≥ definitivamente la industria ~ . . . #apple #applei #computer #personalcomputer #stevejobs #wozniak #history https://t.co/TnmPxhAvVx https://t.co/wnZuBx1819"
10/10/18 09:56;"sprngdxy";"Negativo";"apple";"el nuevo teclado con la actualizaci√≥n QUE HORROR @Apple se pueden ir a la caca"
10/10/18 09:23;"moonlxghht";"Negativo";"apple";"mira honestamente me cago en vuestro servicio t√©cnico de mierda mamonazos @Apple"
10/10/18 08:11;"sergios43604973";"Negativo";"apple";"@Apple otra basura con nombre distinto https://t.co/eZlxFLEmJj"
10/10/18 07:38;"albafmesa";"Negativo";"apple";"Os puedo asegurar que cada vez que actualizo me sale, el acoso es real @Apple basta yaüò© https://t.co/9RX5Mda8yq"
10/10/18 04:29;"andypazr";"Positivo";"apple";"gracias @Apple https://t.co/uRTLYNK3Sy"
10/10/18 04:13;"AlexdelPaso";"Negativo";"apple";"Con la novedad de que el cambio de la pieza da√±ada de mi MacBook cuesta 15 mil pesos! Y mi compu al d√≠a de hoy no vale m√°s de 12-13 mil! @Apple algo no me cuadra! ü§î creo que es un robo vil y descarado lo que cobran de servicios!"
10/10/18 04:04;"cigmx";"Negativo";"apple";"Yo tambi√©n tengo esa falla #iphone7Plus despu√©s de actualizarlo al ios12 dejo de funcionar el audio @Apple somos muchos afectados y nos quieren cobrar por el reemplazo!! @AppleMxico necesitamos su ayuda @tuQuejaSuma https://t.co/UaN1TxMAZ5"
10/10/18 03:42;"antoniotwitero2";"Negativo";"apple";"@samsungmobilemx @Apple y @SamsungMexico ya es lo mismo, ya no sorprenden, s√≥lo agregan memoria ,un nuevo nombre, publicidad y pum 5,000 pesos m√°s. Se siguen fiando de sus ""fieles"" clientes, no se dan cuenta que ya hay mejor competencia, se est√°n tirando a dormir."
10/10/18 02:45;"carnato99";"Negativo";"apple";"@Apple menuda casta√±a los AirPods a los 6 meses la bater√≠a de cada auricular dura 2 horas como mucho .. imag√≠nate en medio de una conversaci√≥n telef√≥nica ... una decepci√≥n .. nunca mas"
10/10/18 02:28;"adolfotabaresg";"Positivo";"apple";"Como usuario @Apple me alegra que @MacCenter abra tienda en @nuestrouraba y con gran expectativa, no veo la hora de estar viendo estos productos ofrecidos al p√∫blico de la regi√≥n. Gracias por creer en #Urab√°"
10/10/18 01:45;"BauuMas";"Negativo";"apple";"@Apple la concha de tu madreeeeeeeeeeeee"
10/10/18 00:14;"MariaBarron22";"Negativo";"apple";"Tampoco me permiten probar el equipo, por que me lo entregan completamente sin pila ! @Apple @Profeco @iShop_Mixup https://t.co/PCtRBUd9V2"
09/10/18 23:54;"gustavo_kc";"Positivo";"apple";"@anavictoriaga .@anavictoriaga IPHONE, no por qu√© sea mejor, todos son buenos pero la forma de usarlo es m√°s f√°cil y el flujo de trabajo en un entorno @Apple es bastante agradable y fluido. A mi me funciona bien, depende de tus necesidades ser√° el equipo pero seguro ese te acomodar√≠a muy bien."
09/10/18 23:52;"cesarchinese";"Neutro";"apple";"Alguna aplicaci√≥n de iOS para descargar videos de Facebook en el iPhone?? @Apple #ios #iphone"
09/10/18 23:51;"djshowjames";"Negativo";"apple";"@vodafone_es @apple llevo 5 d√≠as sin mi iPhone. Es como si llevara un mes.... decidme que d√≠a me lo vais a llevar a la tienda arreglado, porfavor!!!!! NO PUEDO MAAAAASSSSSSSSSSSSSS üëäüèªüò•"
09/10/18 23:48;"MariaBarron22";"Negativo";"apple";"Solo dejo mis √≥rdenes ah√≠! Y llevo m√°s de 40 min aqu√≠ @Apple @Profeco @iShop_Mixup https://t.co/ApEprtvytj"
09/10/18 23:37;"MariaBarron22";"Negativo";"apple";"Continuando con mi drama en @Apple llegue y todas las personas de servicio se fueron!"
09/10/18 22:43;"requena079";"Negativo";"apple";"@Apple Se perdi√≥ la esencia del iPhone.  Parece un Samsung y no es mamada."
09/10/18 22:31;"JoshPamanes";"Neutro";"apple";"@InfoSpyware a partir del update de #MacOSMojave comenc√© a experimentar lentitud en los procesos de safari y chrome. Instale Antivirus Zap desde #Appstore .  Detect√≥ dos #Adware . Se los comparto para el an√°lisis. @Apple @applesfera @Apple5x1 @apple https://t.co/cFkLXrqpx2"
09/10/18 22:23;"josetes112";"Neutro";"apple";"Vamosss #ModeUpdate #IOS12 #apple cc/ @Apple https://t.co/3tlzXe2ZFC"
09/10/18 22:23;"susamarting";"Positivo";"apple";"@Latanace @Apple @el_pais Los de Apple hacen milagros... Crucemos los dedos ü§ûüèªü§ûüèªü§ûüèªü§ûüèª"
09/10/18 21:59;"Garci871";"Negativo";"apple";"@Apple Mi opini√≥n es que para hacerse 4 fotos, escuchar m√∫sica, leer los peri√≥dicos , visitar alguna que otra p√°gina , usar el navegador , wassup y las 4 app de moda aparte de alg√∫n q otro juego no hace falta un m√≥vil de 1700 euros"
09/10/18 21:59;"hentschelb";"Negativo";"apple";"Que frustracion, nadie sabe nada del @apple watch series 4 con @Telcel..."
09/10/18 21:54;"cfdrok";"Negativo";"apple";"Tengo la actualizaci√≥n de iOS y sigo con el mismo problema del Bluetooth Ô£ø @Apple @AppleSupport @Apple5x1"
09/10/18 21:45;"JCRequenaO";"Neutro";"apple";"Todo comenz√≥ en un GARAJE . . . . @apple #SteaveJobs #ElMBAqueEsperabas #Aquora # https://t.co/ovfnkBry5N"
09/10/18 21:44;"melissaolive1ra";"Negativo";"apple";"@Apple Me estoy deprimiendo"
09/10/18 21:00;"SoyEntrepreneur";"Negativo";"apple";"#TomaNota  @Apple ya no te dejar√° reparar tu Mac por tu cuenta üò§  https://t.co/l7lj2wirMC https://t.co/S0to6rusl8"
09/10/18 20:30;"RevistaCromos";"Neutro";"apple";"@Apple inhabilitar√≠a reparaciones no autorizadas en productos Mac. https://t.co/lpB9bDjGAW https://t.co/NnOEoQ0iTU"
09/10/18 20:20;"zea_barrios";"Positivo";"apple";"@Apple Excelente propuesta , funcionarios de la Adm p√∫blica deben participar"
09/10/18 19:56;"JotaCalderone";"Negativo";"apple";"El notch es el peor invento de la humanidad, gracias @Apple"
09/10/18 19:52;"alegkobi";"Negativo";"apple";"@Apple Os cuesta 50 hacer uno y luego lo vendeis por 1200 por tener una fruta en la parte trasera"
09/10/18 19:37;"Teelker";"Negativo";"apple";"PUTA MIERDA de √∫ltima actualizaci√≥n de #IOS @iPhoneEnEspanol @Apple ahora necesito recargar el m√≥vil 3 VECES al d√≠a!!!!!!! Pero que co√±o hacen los que verifican las actualizaciones?????"
09/10/18 19:33;"lrgh_82";"Negativo";"apple";"@Apple Apple siguen mintiendo y robando a sus clientes"
09/10/18 18:59;"jesuspasg";"Positivo";"apple";"Condenado. Haciendo lo que amo. @Apple #MacBookPro @iFixit https://t.co/zsYx9tAwkM"
09/10/18 18:28;"tutziiepop";"Neutro";"apple";"@Apple me lleg√≥ un correo bastante extra√±o sobre una compra... llego en un pdf la confirmaci√≥n ü§î https://t.co/fMGOFSaDFk"
09/10/18 18:27;"Kevinvillaa10";"Negativo";"apple";"joder @apple tus putos earpods son m√°s fr√°giles que gareth bale y ya es decir"
09/10/18 17:43;"kindree24";"Negativo";"apple";"IPhone 6 ambas c√°maras muertas y linterna muerta, una mierda el IOS 12 @Apple ladrones qls jaja"
09/10/18 17:33;"Carlos_Barreras";"Negativo";"apple";"@vicopico @Apple Exacto c√≥mo el Xiaomi Mi8, yo ya quiero deshacerme de mi iPhone 7 Plus"
09/10/18 17:28;"Fractaleo";"Positivo";"apple";"@VacteriaViloria @Apple Fierro"
09/10/18 17:22;"ndresbar";"Positivo";"apple";"Y por eso @Apple se sigue quedando con la mejor (no la mayor) parte del mercado latinoamericano, a pesar de su poca innovaci√≥n a√±o con a√±o #MadeByGoogle https://t.co/nf9LNy2nzV"
